21 |100 |100 |100 |100 |100 |100 |95 |95 |100 |100 |100 |100 |100 |1 |['2'] |'El planteamiento del tema y su efecto en los alumnos' |No tengo recomendaciones. Todo muy bien |['1', '2'] |'18:00 a 20:00' |'09:00 a 11:00' |21
22 |100 |100 |100 |100 |100 |100 |100 |100 |95 |100 |100 |100 |100 |1 |['1', '2'] |'La exposición de la Instructora y como trató los temas excelente' |En el recuadro nombre del instructor en la sección de Evaluación del instructor no aparece el nombre de la Maestra Claudia Loreto Miranda |['1', '2'] |'Matutino' |'Cualquiera' |22
23 |100 |95 |100 |100 |100 |80 |80 |95 |95 |100 |100 |100 |100 |1 |['2'] |'El interés de la Instructora por los alumnos para aprender para que tuviéramos los materiales necesarios y para que participáramos' |Un curso para ampliar los temas |['1', '2'] |'16:00 a 18:00' |'09:00 a 12:00' |23
24 |100 |100 |100 |100 |100 |95 |100 |100 |100 |100 |100 |100 |100 |1 |['2'] |'El conocer las 10 habilidades a fondo' |Que haya una segunda parte para reforzar y de retroalimentación |['1', '2'] ||'Matutino' |24
27 |100 |100 |100 |100 |95 |100 |95 |95 |95 |95 |60 |60 |60 |1 |['1'] |'La disposición de los compañeros para compartir su experiencia' |Ninguna |['2'] |'10:00 a 14:00' |'10:00 a 14:00' |27
28 |100 |100 |100 |100 |100 |95 |95 |95 |95 |100 |100 |100 |100 |1 |['1'] |'El material compartido y la reflexión que se generó' |Del curso ninguna sin embargo en la evaluación no aparece el nombre de la instructora de este curso Claudia Loreto Miranda y tuve que poner otro nombre |[] |'Vespertino' |'Matutino' |28
29 |100 |100 |100 |100 |100 |100 |95 |100 |100 |100 |100 |100 |100 |1 |['2'] |'La relación de habilidades para enfrentar las diferentes situaciones que se puedan presentar' |Agradezco a la instructora su trabajo y desempeño durante el curso |['3'] |'08:00' |'08:00' |29
30 |100 |100 |100 |100 |100 |95 |95 |100 |95 |100 |100 |100 |100 |1 |['2'] |'La reflexión sobre las diferentes habilidades que tenemos el grado de cada una de ellas y conocer herramientas para poder seguir mejorando primero de manera personal y luego propiciarlas en los alumnos' |Parte 2 del curso una vez que sabemos lo general buscar ejercicios para compartir la reflexión entre todos los participantes y llegar a conclusiones sobre diferentes casos y situaciones |['2'] |'Vespertino' |'Matutino' |30
32 |95 |95 |95 |95 |100 |95 |80 |95 |80 |95 |95 |95 |95 |1 |['1'] |'Que esto no solo aplica para nuestras actividades docentes sino también de manera personal' |Fue un taller muy didáctico y de mucho aprendizaje y el despertar de muchas cosas |['1'] |'19:00' |'08:00' |32
33 |100 |100 |100 |100 |100 |95 |95 |95 |95 |100 |100 |100 |100 |1 |['2'] |'Todo' |Excelente curso lo recomiendo mucho |['1', '2', '3'] ||'Cualquiera' |33
34 |95 |95 |95 |95 |95 |60 |80 |80 |80 |95 |95 |95 |95 |1 |['2'] |'En general todo. No conocía esta información de forma estructurada' |Todo bien |['2', '3'] |'Matutino' |'Cualquiera' |34
36 |100 |100 |100 |100 |100 |95 |95 |100 |100 |100 |100 |100 |100 |1 |['2'] |'La posibilidad de reflexionar sobre las habilidades en nosotros mismos y en la posibilidad de desarrollar algunas de ellas en nuestros estudiantes' |Todo bien |['1', '3'] |'09:00 a 13:00' |'Cualquiera' |36
37 |95 |100 |95 |100 |100 |95 |95 |95 |95 |100 |95 |95 |95 |1 |['1'] |'El temario en general abordado' |Colocar el nombre de la instructora y/o ponente en la parte de evaluación al profesor en el menú no lo marca y no da opción para continuar. Elegí otro nombre y el adecuado es el de la maestra Claudia Loreto Miranda |['3'] |'Cualquiera' |'Cualquiera' |37
39 |100 |100 |100 |100 |100 |95 |50 |100 |100 |100 |100 |100 |100 |1 |['1'] |'La forma tan clara y concreta de dar los temas así como los ejemplos utilizados' |Una disculpa a la Instructora no pude participar como hubiera querido ya que estaba con Covid-19 así que me gustaría una segunda parte del curso para poder aprovecharlo mejor |['2'] |'Lu y mi matutino' |'Lu y mi' |39
40 |95 |100 |100 |100 |100 |95 |80 |100 |95 |95 |100 |100 |100 |1 |['2'] |'Encontrar diferentes alternativas para trabajar estos temas en clase con mayor apertura y conciencia' |Todo muy bien |['1', '2', '3'] |'Después de las 17:00' |'Cualquiera' |40
41 |100 |100 |100 |100 |100 |100 |100 |100 |100 |100 |100 |100 |100 |1 |['2'] |'La forma de abordar temas complejos de manera sencilla y humana' |Que muchos más tomen este curso es muy necesario en nuestra Facultad |['2'] |'08:00 a 12:00' |'Cualquiera' |41
42 |95 |95 |100 |100 |100 |100 |100 |100 |95 |100 |95 |100 |100 |1 |['2'] |'Conocer el estado actual de las relaciones de género en la UNAM' |Tomar la experiencia del presente curso mejorarlo y seguir impartiéndolo |['2', '3'] |'Ma y ju a las 11:00' |'Ma y ju a las 11:00' |42
43 |100 |100 |100 |100 |100 |95 |80 |100 |100 |100 |100 |100 |100 |1 |['2'] |'El acercamiento y reflexión sobre el tema. La interacción con todos los participantes que fue una retroalimentación muy valiosa para mi formación docente' |Estuvo todo excelente. Este curso debería impartirse cada semestre |['1', '2'] |'08:00 a 10:00' |'16:00 a 18:00' |43
44 |100 |95 |100 |100 |95 |95 |95 |100 |95 |100 |95 |100 |95 |1 |['2'] |'Sin comentarios' |Sin comentarios |['1'] |'17:00' |'10:00' |44
45 |100 |100 |100 |100 |100 |100 |95 |100 |100 |100 |100 |100 |100 |1 |['2'] |'Todo la Instructora los contenidos y la interacción con los compañeros' |Me gustó mucho el curso este tipo de temática es muy importante darla a conocer dentro de nuestra comunidad con gran sensibilidad y conocimiento por parte de la Instructora. Muchas felicidades |['1', '2', '3'] ||'Cualquiera' |45
46 |95 |95 |100 |100 |100 |95 |95 |95 |95 |100 |100 |100 |100 |1 |['1', '2'] |'Los conocimientos amplios de la Instructora y las experiencias compartidas por parte de los y las participantes a este curso' |Dar un poco más de tiempo en el trabajo en equipo. Por lo demás todo muy bien |['2'] |'Ma y ju de 10:00 a 13:00' |'Ma y ju de 10:00 a 14:00' |46
47 |100 |100 |100 |100 |100 |80 |95 |95 |95 |100 |100 |100 |100 |1 |['3'] |'Las actividades prácticas con el resto de los compañeros del curso' |Bien por implementar este curso a nosotros como docentes |['2'] |'Cualquiera' ||47
48 |100 |95 |100 |100 |100 |100 |95 |100 |100 |100 |100 |100 |100 |1 |['2'] |'La participación de todos los compañeros' |Un poco más de tiempo |['3'] |'Vespertino' |'Matutino' |48
49 |100 |100 |100 |100 |100 |100 |95 |95 |100 |95 |95 |95 |95 |1 |['2'] |'La actitud de la Instructora los contenidos' |Agradecer a la Instructora Diana por su excelente curso |['3'] |'Después de las 17:00' |'Después de las 17:00' |49
50 |100 |100 |100 |100 |100 |95 |100 |100 |100 |100 |100 |100 |100 |1 |['2'] |'Poder aprender sobre la equidad de género aplicado a nuestras clases' |Ninguna |['1', '3'] |'Cualquiera' |'Cualquiera' |50
51 |100 |100 |100 |100 |100 |95 |95 |95 |95 |100 |100 |100 |100 |1 |['2'] |'Todo' |Más cursos de este tipo |['1', '2', '3'] ||'Cualquiera' |51
52 |100 |100 |100 |100 |100 |100 |80 |100 |100 |100 |100 |100 |100 |1 |['2'] |'El contenido' |Buen curso |['1', '2', '3'] |'Cualquiera' |'Cualquiera' |52
53 |95 |100 |100 |100 |95 |100 |80 |95 |95 |100 |100 |100 |100 |1 |['2'] |'El poder compartir las experiencias de las cuales se tenían dudas y poder aclarar las mismas' |Me gustaría que se utilizara alguna herramienta para cronometrar la participación |['1', '2'] |'13:00 a 15:00' |'Cualquiera' |53
54 |100 |100 |100 |100 |100 |95 |100 |100 |100 |100 |100 |100 |100 |1 |['2'] |'La disposición de la profesora por compartir su conocimiento' |Todo bien |['3'] |'Lu, mi y vi de 11:00 a 13:00' |'11:00 a 13:00' |54
56 |100 |95 |95 |95 |100 |95 |95 |95 |95 |100 |100 |100 |100 |1 |['1'] |'En general todo el contenido' |Que se siga promoviendo este tipo de cursos |['3'] |'Vespertino' |'Matutino' |56
57 |95 |95 |95 |95 |95 |95 |95 |95 |95 |95 |95 |95 |95 |1 |['1'] |'Todo' |Buen curso intersemestral |['2'] |'Cualquiera' |'Cualquiera' |57
59 |100 |100 |100 |100 |100 |100 |80 |100 |100 |100 |100 |100 |100 |1 |['2'] |'La presentación detallada del proceso de formulación de un proyecto de investigación educativa.' |Dejar los vídeos presentados en clase para consulta de forma asincrónica. |['1', '2', '3'] |||59
60 |100 |100 |100 |100 |100 |100 |100 |100 |100 |100 |100 |100 |100 ||['4'] |'La información introductoria a la actividad de la investigación educativa y la posibilidad de formular un proyecto real.' |Que se sigan ofreciendo seminarios y talleres sobre el tema de la investigación educativa. |['1'] |'16:00 a 19:00' |'11:00 a 14:00' |60
61 |100 |100 |100 |100 |100 |100 |100 |100 |100 |100 |100 |100 |100 |1 |['1', '2'] |'Todo' |Excelente |['1', '2', '3'] |'No' |'Indistinto' |61
65 |100 |100 |100 |100 |100 |95 |95 |95 |100 |100 |100 |95 |100 |1 |['2'] |'Los materiales y la guía del instructor' |Excelente muchas gracias!! |['1'] |'Depende de si es presencial o en línea' |'Matutino' |65
66 |100 |100 |100 |100 |100 |95 |95 |95 |100 |100 |100 |100 |100 |1 |['1', '2'] |'La posibilidad de aterrizar estos conceptos y la forma de poder realizar nuestra investigación educativa.' |Que se siga impartiendo de esta manera y que la mayoria de los profesores tengan la oportunidad de tomar este curso |['1', '3'] |'Vespertino' |'Matutino' |66
67 |100 |100 |100 |100 |100 |95 |95 |95 |95 |100 |100 |100 |100 |1 |['1'] |'La experiencia de la instructora así como las bases y la motivación que proporcionó para la realización de la actividad final' |Solo me queda agradecer. |[] |'Vespertinos' |'Matutinos' |67
68 |100 |100 |100 |100 |100 |100 |100 |100 |100 |100 |100 |100 |100 |1 |['1'] |'Los documentos y videos que se mostraban durante las sesiones.' |Mostrar algunas páginas de información confiable como el ingreso a la biblioteca digital de la UNAM. |['3'] |'19:00 en adelante' |'19:00 en adelante' |68
69 |100 |100 |100 |100 |100 |100 |95 |95 |100 |100 |100 |95 |100 |1 |['2'] |'El proyecto desarrollado' |No |['3'] |'18:00 a 19:00' |'18:00 a 19:00' |69
70 |100 |95 |100 |100 |100 |100 |95 |100 |100 |100 |100 |100 |100 |1 |['2'] |'Las experiencias que comparten los colegas' |Gracias por el conocimiento compartido |['3'] |'10:00 a 14:00' |'14:00 a 19:00' |70
72 |80 |80 |80 |80 |95 |80 |80 |95 |80 |95 |95 |80 |80 |1 |['2'] |'Adquirir herramientas para desarrollar una investigación educativa' |Todo bien! |['1'] |'17:00 a 19:00' |'17:00 a 19:00' |72
74 |100 |100 |100 |100 |100 |80 |80 |95 |95 |100 |100 |100 |100 |1 |['1'] |'El aprendizaje adquirido a través del contenido' |Ninguna |['2'] |'Matutino' |'Vespertino' |74
75 |100 |100 |100 |100 |100 |95 |100 |100 |100 |100 |100 |100 |100 |1 |['4'] |'Las explicaciones de la ponente y la participación con ejemplos de todos los asistentes eso enriqueció el seminario.' |Todo estuvo muy bien. |['1', '2'] |'13:00 a 15:00 ó 16:00 a 18:00' |'10:00 a 15:00 ó 16:00 a 18:00' |75
78 |100 |100 |100 |100 |100 |100 |100 |100 |100 |100 |100 |100 |100 |1 |['1', '2'] |'Los ejemplos y rúbricas compartidas para el planteamiento y desarrollo de la investigación' |A veces se cortaba mucho los videos siempre es recomendable que la computadora esté conectada vía cable o también si se puede que algún otro profesor comparta el video cuando la red no sea muy buena. |['1', '2', '3'] |||78
79 |100 |95 |100 |100 |100 |100 |60 |60 |100 |100 |100 |100 |100 |1 |['1'] |'La apertura y confianza que inspira la instructora' |Ninguna la forma en que se estructuró la realización del curso me pareció una excelente forma para poder llevar a cabo con mis otras actividades. |['3'] |'17:00 a 20:00' |'12:00 a 15:00 ó 17:00 a 20:00' |79
82 |80 |60 |80 |80 |80 |80 |60 |60 |80 |80 |80 |80 |60 |1 |['2'] |'La bibliografía y videos para mejorar ciertos aspectos de la investigación' |Siento que el curso fue ver videos no sentí que la experiencia que tiene la profesora se viera reflejada en lo que se enseñaba. |['1', '2'] |'Indistinto' |'Indistinto' |82
83 |100 |100 |100 |100 |100 |80 |80 |80 |95 |100 |100 |100 |100 |1 |['2'] |'...la participación interdisciplinaria de los asistentes…' |...felicitar a la ponente… |['3'] |'Vespertino' |'Vespertino' |83
85 |100 |100 |95 |100 |100 |100 |95 |95 |95 |100 |100 |100 |100 |1 |['1', '2', '3'] |'Todo fue muy bueno y enriquecedor para la mejora de mis clases de laboratorio' |Sin comentarios |['1', '2'] |'Vespertino' |'No' |85
87 |95 |100 |100 |95 |100 |95 |60 |100 |100 |95 |95 |95 |95 |1 |['2'] |'El contenido del trabajo y el grupo expositor' |Ninguno |['2', '3'] |'No' |'Matutino' |87
88 |100 |100 |100 |100 |100 |95 |80 |100 |95 |100 |100 |100 |100 |1 |['2'] |'Los excelentes conocimientos y experiencias de los expositores.' |Ninguna todo fue de gran calidad y excelencia. |['1'] |'No' |'16:00 a 20:00' |88
89 |100 |95 |100 |100 |95 |95 |95 |95 |100 |100 |95 |95 |95 ||['4'] |'La actitud para compartir por parte de los expositores' ||['2'] |'Vespertino' |'Vespertino' |89
90 |100 |100 |100 |100 |100 |100 |80 |95 |100 |100 |100 |100 |100 |1 |['1', '2'] |'La posibilidad de poder aterrizar y conceptualizar un trabajo de investigación que puede incorporarse a nuestra actividad academica de cada semestre.' |Continuar con la difusión en todas las divisiones de la Facultad que permita elevar la calidad de nuestra enseñanza |['1', '3'] |'15:00 a 19:00' |'09:00 a 13:00' |90
91 |100 |100 |100 |100 |100 |100 |100 |100 |100 |100 |100 |100 |100 |1 |['3'] |'Todo' |Repetirlo el próximo semestre |['1', '2', '3'] |'No' |'09:00 a 13:00' |91
92 |95 |95 |95 |95 |95 |95 |95 |95 |95 |80 |95 |80 |95 |1 |['2'] |'Ideas didácticas' ||['3'] |'No' |'Matutino' |92
93 |100 |100 |100 |100 |100 |100 |100 |100 |100 |100 |100 |100 |100 |1 |['1'] |'La participación de la Academia de Análisis de Sistemas y Señales para revisar los recursos generados durante la enseñanza a distancia y el análisis que hicimos sobre su pertinencia y eficacia al aplicarlos en clase.' |Ninguna |[] |'10:00 a 14:00 ó 16:00 a 20:00' |'10:00 a 14:00 ó 16:00 a 20:00' |93
94 |100 |100 |100 |100 |100 |100 |100 |100 |100 |100 |100 |100 |100 |1 |['2'] |'Las diversas estrategias materiales y herramientas educativas que contribuyen al aprendizaje de los estudiantes.' |Fomentar este tipo de Seminarios. Un profesor asistente está interesado en organizar un Seminario para su Academia. |['1', '3'] |'Vespertino' |'09:00 a 13:00' |94
96 |100 |100 |100 |100 |95 |100 |95 |100 |95 |100 |100 |100 |100 |1 |['4'] |'Calidad de los temas y experiencia de ponentes' |Mayor participacion de profesores |['3'] |'09:00' |'09:00' |96
97 |100 |100 |100 |95 |100 |80 |50 |80 |100 |95 |100 |95 |100 |1 |['2'] |'Las ideas aportadas por los profesores expositores sobre ejemplos y aplicaciones de los sistemas y señales.' |Que los profesores expositores envíen antes el material que van a utilizar para poder replicar los resultados durante la exposición. |['1', '3'] |'No me da tiempo en el semestre.' |'Matutino_x000d_\nMatutino' |97
98 |100 |100 |100 |100 |100 |100 |100 |100 |100 |100 |100 |95 |100 |1 |['2', '3'] |'En lo personal fueron las retroalimentaciones por parte de los asistentes a los ponentes pues se discutían aspectos importantes sobre las ponencias.' |Felicidades muy buen trabajo |['3'] |'Matutino' |'Matutino' |98
100 |100 |100 |100 |95 |100 |100 |100 |100 |100 |100 |100 |95 |100 |1 |['3'] |'La diversidad en las metodologías de trabajo expuestas.' ||['2'] |||100
101 |100 |100 |100 |100 |100 |100 |80 |100 |100 |100 |100 |100 |100 |1 |['1'] |'La presentación de los diferentes profesores (experiencias conocimiento tecnicas etc. )' |Repetir el seminario de S y S invitando a otros profesores (por ejemplo de posgrado) para conocer sus proyectos tecnicas software etc. |['3'] |'Vespertino' |'Vespertino' |101
104 |95 |95 |95 |100 |95 |100 |80 |95 |95 |100 |95 |95 |95 |1 |['4'] |'La disposición de los profesores de compartir su trabajo para la educación y formación de los estudiantes.' |Relacionar los trabajos que se presentaron para la solución de ejercicios y problemas que aparecen en los libros de texto. |['2', '3'] |'Todo el día, lunes y miercoles' |'Todo el día' |104
105 |95 |95 |95 |95 |95 |95 |95 |80 |95 |95 |95 |95 |95 |1 |['3'] |'Convivencia' |Más de este tipo |['3'] |'No' |'Matutino' |105
106 |100 |100 |95 |100 |100 |100 |80 |100 |95 |100 |100 |100 |100 |1 |['2'] |'La experiencia demostrada en el manejo de los temas abordados por parte de todos los ponentes.' |Pudiera sugerir para próximos seminarios tratar de que algunos ponentes no divaguen tanto y sean un poquito más organizados. Aunque soy de los que retomaría el seminario sin dudarlo. |[] |'No' |'Matutino' |106
107 |100 |100 |100 |100 |100 |95 |95 |95 |95 |100 |100 |100 |100 |1 |['3'] |'La participación del grupo' |Ninguna |['3'] |||107
108 |100 |100 |100 |100 |100 |95 |95 |100 |100 |100 |100 |100 |100 |1 |['1', '2'] |'Todo me gusto muchísimo' |Nunca dejen de hacerlos. |['1', '2'] |'Vespertinos' |'Vespertinos' |108
109 |100 |100 |100 |100 |100 |100 |100 |100 |100 |100 |100 |100 |100 |1 |['4'] |'Los personajes seleccionados la presentación de cada uno de ellos y la contribución de los participantes para enriquecer la información proporcionada por los expositores.' |Por ahora no tengo. |['1'] |'16:00 a 19:00' |'16:00 a 19:00' |109
110 |100 |100 |100 |100 |100 |95 |95 |100 |100 |100 |100 |100 |100 |1 |['2'] |'Los ponentes y los participantes' |Dar continuidad a este seminario. |['1'] |'Poco probable' |'Vespertino' |110
111 |95 |100 |95 |100 |95 |95 |50 |80 |95 |100 |100 |100 |95 |1 |['2'] |'Los personajes que fueron expuestos. La interacción entre los profesores que se conocen a la perfección es muy cordial y de compañerismo.' |Explorar la posibilidad de exponer vida y obra de Mario Molina Premio nobel de Química. |['2', '3'] |'16:00 a 20:00' |'16:00 a 20:00' |111
112 |95 |100 |95 |100 |80 |100 |95 |95 |80 |100 |100 |100 |100 |1 |['2'] |'La interacción entre profesores' |No dar tanto protagonismo a una sola persona |['3'] |'Vespertino' |'Vespertino' |112
113 |100 |100 |100 |100 |100 |95 |95 |95 |95 |100 |100 |100 |100 |1 |['1', '2'] |'Los datos presentados por las y los ponentes' |Todo muy bien esperemos que el siguiente ya sea presencial |['1', '2'] |'Vespertino' |'Vespertino' |113
114 |95 |95 |95 |95 |100 |80 |80 |80 |95 |100 |100 |100 |100 |1 |['2', '4'] |'El conocer a personajes que hicieron diferencia en la historia de la humanidad.' ||['1', '2'] |'Vespertino' |'Vespertino' |114
115 |100 |100 |100 |100 |100 |95 |95 |100 |100 |100 |100 |100 |100 |1 |['2'] |'Todo los expositores los personajes presentados la coordinadora y lo ameno de las participaciones' |Es una gran oportunidad para aprender nuevas cosas |['2'] |'Indistinto' |'Indistinto' |115
116 |100 |100 |100 |100 |100 |95 |80 |100 |100 |100 |100 |100 |100 |1 |['2'] |'Todo el contenido del seminario fue excelente' |Ninguna todo bien |['2'] |'Este horario del seminario esta bien' |'Este horario del seminario esta bien' |116
117 |100 |95 |100 |95 |100 |95 |95 |100 |95 |100 |100 |100 |100 |1 |['4'] |'El intercambio de experiencias académicas entre los asistentes.' ||[] |||117
118 |100 |100 |95 |100 |100 |100 |80 |100 |95 |100 |95 |100 |100 |1 |['2'] |'Muy agradable tener la oportunidad de conocer mejor a los personajes que presentaron los expositores' |Continuar llevando a cabo estos seminarios y replicar los conocimientos a nuestros estudiantes |['1', '2'] |'Vespertino' |'Vespertino' |118
119 |95 |80 |95 |60 |80 |95 |60 |80 |80 |95 |80 |80 |80 |1 |['2'] |'Escuchar el punto de vista y aportaciones de otro profesor' |Tener mas interaccion entre participantes usar estructuras liberadoras |['2'] |'No' |'17:00 a 19:00' |119
120 |100 |100 |100 |100 |100 |100 |50 |100 |100 |100 |100 |100 |100 |1 |['2'] |'Las ponencias se notó el dominio en el tema de cada uno de los maestros.' |Felicitaciones por la coordinación porque manejaron adecuadamente los textos la comunicación fue clara y las actividades son suficientes para reforzar los conocimientos. |['2'] |'16:00 en adelante' |'16:00 en adelante' |120
121 |100 |100 |100 |100 |100 |100 |95 |100 |100 |100 |100 |100 |100 |1 |['2'] |'La actitud de todas y todos organizadores y participantes.' |Fue un acierto agregar las actividades asíncronas. |[] |'No' |'Vespertino' |121
122 |95 |95 |100 |95 |95 |95 |80 |80 |95 |100 |100 |95 |95 |1 |['2'] |'Los conocimientos que adquirí y que llevaré a mis alumnos.' ||[] |||122
123 |100 |100 |100 |100 |100 |100 |60 |95 |100 |100 |100 |100 |100 |1 |['2'] |'El enriquecimiento de todos' |Que no dejen de realizar este tipo de seminarios. |['2'] |'No' |'Vespertino' |123
124 |100 |100 |100 |100 |95 |60 |80 |95 |80 |100 |100 |100 |100 |1 |['4'] |'a variedad de contenidos y las intervenciones de quienes participaron' |Talvez  debería ampliarse a más de cinco sesiones |[] |'¡Complicado!' |'Vespertino' |124
125 |100 |100 |100 |100 |100 |95 |95 |95 |100 |100 |100 |100 |100 |1 |['1'] ||Excelente Seminario... que siga por muhcos semestres más. |['1'] |'Vespertino' |'Vespertino' |125
126 |100 |100 |100 |100 |100 |80 |80 |80 |100 |80 |80 |80 |95 |1 |['1'] |'Conocer personajes históricos de los que desconocía y que no son de los que más habla o información se tiene.' |Compartir el material de toda la semana desde el primer día o antes para poder revisarlo con anticipación a cada sesión. |['2'] |'16:00 a 18:00 ó 17:00 a 19:00' |'09:00 a 14:00' |126
127 |100 |100 |100 |100 |100 |100 |95 |100 |100 |100 |80 |100 |95 ||['2'] |'odas las presentaciones que se vieron y la participación de los asistentes' ||['1'] |'17:00 a 19:00' |'17:00 a 19:00' |127
128 |100 |100 |100 |100 |100 |100 |80 |100 |100 |100 |100 |100 |100 |1 |['4'] |'La participación y las aportaciones de los asistentes.' |Poner disponibles las grabaciones. |['3'] |'16:00 a 21:00' |'10:00 a 14:00' |128
129 |100 |100 |100 |100 |95 |80 |60 |95 |95 |100 |100 |100 |100 |1 |['1'] |'Las exposiciones que fueron complementadas con los comentarios de los compañeros.' ||['1'] |'No' |'Indistinto' |129
130 |100 |100 |100 |100 |100 |100 |60 |95 |95 |100 |95 |100 |95 |1 |['2'] |'Las anécdotas compartidas y el contexto histórico que dieron alrededor de los personajes y en los que varios de los asistentes aportaron. Fueron datos muy interesantes y enriquecedores.' |Es la primera vez que participo en el seminario me lo recomendaron en alguna plática de otro curso y me gustó mucho sobre todo el hecho de que se abarcan personajes de diferentes ámbitos no solo de la rama de las matemáticas. |['1'] |'No' |'17:00 a 19:00' |130
131 |100 |100 |100 |100 |100 |80 |80 |95 |95 |100 |100 |100 |100 |1 |['1'] |'La participación de los profesores' |Quizá ocupar extensiones en Chrome para pasar lista de manera autimática. |['1', '2', '3'] |'Martes y jueves en cualquier horario' |'Martes y jueves en cualquier horario' |131
133 |100 |100 |100 |100 |100 |100 |100 |100 |100 |100 |100 |100 |100 |1 |['1', '2', '3'] |'Debo decir que todo el seminario me pareció excelente.' |Expreso mi más sincera  felicitación a los expositores:  Dra. Martha Rosa Del Moral Nieto Mtra. Amalia Adriana Caffagi Félix Mtra. Claudia Margarita Pérez Ruiz I.Q. Félix Núñez Orozco y Dr. Eduardo Espinosa Ávila;  a la coordinadora del IX Seminario Dra. Martha Rosa Del Moral Nieto y a todos los asistentes ya que se creó un ambiente excepcional que traerá consecuencias positivas para la Facultad de Ingeniería. |['1', '2'] |'Vespertino' |'Vespertino' |133
155 |100 |100 |100 |100 |100 |95 |80 |95 |95 |95 |95 |100 |100 |1 |['2'] |'Todo aprendí mucho y me actualicé' |Sigan con más cursos innovadores |['1', '3'] |'Cualquiera' |'Cualquiera' |155
156 |95 |95 |95 |95 |95 |95 |95 |95 |95 |95 |95 |95 |95 |0 |['1'] |'Plataformas' |Mejorar contenido |['1'] |'20:00 a 22:00' ||156
158 |100 |100 |100 |100 |100 |95 |95 |100 |100 |100 |100 |100 |100 |1 |[] |'Las herramientas de TIC. La actitud de los instructores de la Mtra. Arely Hernández y el Mtro. Leonardo Bañuelos' ||['3'] |'Cualquiera' |'Cualquiera' |158
159 |95 |100 |100 |95 |100 |95 |95 |100 |100 |95 |100 |95 |100 |1 |['1'] |'Los complementos de TIC seleccionados como apoyo para el desarrollo del aula invertida' |Considerar una segunda parte del curso para profundizar en el desarrollo del aula invertida |['1', '2', '3'] |'8:00 a 10:00' |'8:00 a 13:00' |159
161 |95 |95 |100 |95 |95 |95 |80 |95 |95 |100 |95 |95 |95 |1 |['1', '2'] |'Conocer nuevas herramientas tecnológicas como Edpuzzle' |Ninguna todo estuvo bien |['3'] |'Cualquiera' |'2023-1' |161
162 |100 |100 |100 |100 |100 |100 |100 |100 |100 |100 |100 |100 |100 |1 |[] |'La interacción entre todos los integrantes del grupo del curso.' |Que se sigan organizando más cursos para profesores de este tipo de herramientas |['2'] |'10:00 a 14:00 lu, mi y vi' |'10:00 a 14:00' |162
164 |100 |100 |100 |100 |100 |80 |95 |100 |100 |100 |100 |100 |100 |1 |['2'] |'Las herramientas que se puede utilizar el siguiente semestre' |Que realicen más cursos de herramientas donde los ponentes sean la Lic. Arely así como el M.I. Leonardo |['1'] |'Cualquiera' |'Cualquiera' |164
165 |95 |80 |80 |80 |95 |80 |80 |80 |95 |80 |80 |60 |80 |1 |['1'] |'Las aplicaciones que nos mostraron para poder incluirlas en nuestros cursos e implementar la metodología de aula invertida' |Quizá organizar mejor los tiempos para revisar con más detenimiento los subtemas del curso |['1', '2', '3'] |'Cualquiera' |'Cualquiera' |165
167 |100 |100 |100 |100 |100 |100 |100 |100 |100 |100 |100 |100 |100 |1 |['1'] |'Conocer la existencia de herramientas para aplicar en la impartición de clase.' |Ninguna. |['1'] |'17:00 a 20:00' |'16:00 a 19:00' |167
168 |100 |100 |100 |100 |100 |100 |80 |100 |100 |100 |100 |95 |95 |1 |['2'] |'La actitud de la Lic. Arely y la claridad con la que explico los temas.' |Ninguna solo agradecer a la Lic. Arely por compartir su conocimiento en el uso de las herramientas de Google |['1', '2', '3'] |'Cualquiera' |'Cualquiera' |168
169 |100 |100 |100 |100 |100 |100 |80 |80 |95 |95 |100 |100 |95 |1 |['2'] |'Conocer la herramienta de Edpuzzle' |El curso estuvo bien delimitado |['3'] ||'Cualquiera' |169
170 |95 |95 |95 |95 |95 |95 |95 |95 |95 |95 |95 |95 |95 |1 |['1'] |'La apertura a nuevas herramientas para apoyar la enseñanza' |Solicitaría un curso adicional de más herramientas para la enseñanza |['1'] |'Cualquiera' |'Cualquiera' |170
171 |100 |100 |100 |100 |100 |80 |60 |100 |100 |100 |100 |100 |100 |1 |['2'] |'Las demostraciones de las distintas herramientas para usar en clase' |Todo excelente! |['1'] |'Vespertino' |'Vespertino' |171
200 |95 |95 |95 |80 |100 |95 |95 |95 |100 |100 |100 |100 |100 |1 |['2'] |'Conocer otra alternativa para el desarrollo de mis actividades académicas' ||['2'] |'Matutino' |'Matutino' |200
204 |100 |95 |100 |95 |95 |100 |80 |95 |80 |100 |100 |100 |100 |1 |['2'] |'Conocer el software' |Que antes del curso se le indique a los participantes los requerimientos básicos que deben tener sus equipos de cómputo |['3'] |'Vespertino' |'Vespertino' |204
205 |100 |100 |100 |100 |100 |100 |100 |100 |100 |100 |100 |100 |100 |1 |['4'] |'Todo estuvo muy bien' |Mayor número de sesiones para profundizar más en los temas. Impartir segunda parte |['1', '3'] |'Vespertino' |'Vespertino' |205
206 |80 |80 |80 |80 |80 |100 |80 |80 |95 |100 |100 |100 |100 |0 |['2'] |'El software propuesto para el desarrollo del curso' |Realizar una mejor planeación del curso y del contenido del mismo |['3'] |'Lu y Mi o Mi y Vi de 16:00 a 20:00 h' |'Lu, Mi y Vi 16:00 a 20:00 h' |206
207 |80 |60 |80 |95 |80 |100 |80 |80 |95 |100 |95 |95 |80 |1 |['2'] |'Conocimiento de herramientas de uso libre' |Disminuir a 3 horas la sesión del tal forma que se distribuya en mayor número de sesiones |['3'] |'16:00 a 20:00 h' ||207
208 |100 |100 |100 |100 |100 |95 |95 |95 |95 |95 |100 |100 |100 |1 |['2'] |'La creación y edición de videos educativos' |Agradezco mucho al instructor su paciencia y el compartir sus experiencias |['1'] |'18:00 a 20:00 h' |'16:00 a 20:00 h' |208
209 |100 |100 |100 |100 |100 |100 |95 |100 |100 |100 |100 |100 |100 |1 |['2'] |'La conjugación de varias herrramientas para el desarrollo de material didáctico o de apoyo' |Ofertar más cursos de Cómputo |['3'] |'16:00 a 20:00 h' |'8:00 a 20:00 h' |209
210 |80 |80 |95 |80 |80 |60 |60 |80 |80 |95 |95 |95 |95 |0 |['4'] |'Contar con una herramienta para la preparación de guiones de videos educativos' |Considero que al inicio del curso junto con el índice de contenidos hubiera sido adecuado indicar todos los programas que debían instalarse para el avance del curso |['1'] |'18:00 a 20:00 h' |'20:00 a 22:00 h' |210
211 |100 |100 |100 |100 |100 |80 |80 |95 |95 |100 |100 |95 |80 |1 |['2'] |'El uso de las herramientas digitales para la elaboración de videos' |Espero se sigan impartiendo estos cursos |['3'] |'17:00 a 20:00 h' ||211
212 |80 |95 |95 |100 |95 |100 |95 |100 |100 |100 |100 |100 |100 |1 |['2', '3'] |'El conocer herramientas como OBS Blender y Audacity' |Solicitar antes de  iniciar el curso requerimientos de equipo mínimos y  especificar qué programas se deben instalar y resolver problemas de instalación para que todos tengan las herramientas de inicio y no se pierda tiempo o que los participantes se atrasen etc. |['3'] |'Lu, Mi y Vi de 16:00 a 20:00 h' |'Lu a Vi de 9:00  a 12:00 h' |212
215 |95 |95 |100 |100 |100 |95 |95 |95 |100 |100 |95 |100 |100 |1 |[] |'Las posibilidades para usar las herramientas' |Mejor manejo del grupo. Los asistentes (profesores) somos los peores alumnos porque no leemos no queremos hacer tareas y llegan a la clase pidiendo que hasta les ayuden a instalar programas y eso origino mucha perdida de tiempo tiempo que nos falto para cubrir todo el temario o bien no hacer un temario tan ambicioso |['3'] |'Vespertino' |'Vespertino' |215
216 |100 |100 |100 |100 |100 |100 |100 |100 |100 |100 |100 |100 |100 |1 |['2'] |'El uso de todas las herramientas' |Todo muy bien |['3'] |'Vespertino' |'Matutino' |216
217 |100 |95 |100 |100 |100 |95 |95 |100 |95 |100 |100 |100 |100 |1 |['2'] |'El tema y el profesor' |Como área de oportunidad que el Profesor entregue al inicio del curso un instructivo que indique las posibles limitaciones y problemáticas que se tendrán por el uso de software libre y dependiendo el hardware y sistema operativo que use cada uno de los asistentes así como los links que se utilizarán |[] |'Mi y Vi de 16:00 a 20:00 h' |'Lu, Mi y Vi o Ma y Ju de 16:00 a 20:00 h' |217
219 |95 |100 |100 |100 |100 |100 |95 |100 |100 |100 |100 |100 |100 |1 |['2'] |'Aprendizaje en el manejo de nuevos programas' |Impartición de un  segundo curso en  elaboración ya que son temas indispensables en este periodo y para la implementación de aula invertida que permite fomentar el pensamiento crítico |['1', '3'] |'16:00 a 20:00 h' |'8:00 a 10:00 h' |219
220 |95 |95 |100 |95 |100 |95 |95 |95 |100 |100 |100 |80 |95 |1 |['2'] |'Aprender y conocer programas para la realización de videos educativos' |Los programas conocidos y aprendidos tienen una infinidad de aplicaciones en otra oportunidad enfocarse en 2 o máximo 3 de ellos ya que por razones de pandemia tenemos diversos y muy variados equipos de computo en lo personal mi equipo no me permite trabajar al 100% con 2 de esos programas a pesar de que la utilidad es enorme no podré explotarlos tanto como debería. También conocimos un programa que no estaba en el curso muy interesante y aplicable a esto y otras cosas sin embargo desafortunadamente consumió tiempo y recursos para analizar más detenidamente otros 2 que si estaban en el curso.       Sugerir en los siguientes los recursos de software y/o hardware mínimos requeridos |['1', '2'] |'16:00 a 20:00 h' |'11:00 a 17:00 h' |220
221 |95 |80 |100 |80 |100 |95 |80 |95 |100 |100 |100 |100 |100 |1 |['1'] |'Que todas las herramientas las podemos perfectamente aplicar para el desarrollo de nuestras clases e inclusive ya las estoy utilizando' |Fue un excelente curso solo hay que tomar en cuenta el tiempo pues no fue suficiente para abordar todos los temas la sugerencia es de elaborar videotutoriales cortos para que los pasos básicos la instalación del programa nos ahorre tiempo y se puedan cumplir con todos los objetivos |['1', '2', '3'] |'Matutino' |'Matutino' |221
224 |100 |100 |100 |100 |100 |95 |100 |100 |100 |100 |100 |100 |100 |1 |['2'] |'_x000d_\nAprendí a elaborar videos educativos' |Un buen curso debería haber una segunda parte |['2'] |'9:00 a 12:00 h' |'11:00 a 15:00 h' |224
225 |100 |100 |100 |100 |100 |100 |100 |100 |100 |95 |95 |95 |95 |1 |['4'] |'Conocer las herramientas diferentes para edición' |Hacer el curso un poco mas estructurado aunque es difícil para gente con tan diferentes herramientas tecnológicas a su disposición. Quizá estaría bien proporcionar una guía detallado de cómo instalar los diferentes paquetes para que no se pierda tanto tiempo en eso durante las sesiones |['1', '3'] |'Vi Matutino' |'Matutino' |225
228 |100 |100 |100 |100 |100 |95 |100 |100 |100 |100 |95 |95 |95 |1 |['2'] |'El trato cordial y solidario con mís compañeros y del Profesor' |Me encantaría un curso de la aplicación Project y Microsoft Teams con mayor profundidad |['1', '3'] |'8:00 a 10:00 h' ||228
232 |100 |95 |100 |100 |100 |80 |95 |100 |100 |100 |100 |100 |100 |1 |['1', '2'] |'La aplicación directa en el quehacer profesional' |Sería conveniente realizar una parte dos del curso con un enfoque más específico |['1'] |'16:00 a 18:00 h' |'8:00 a 14:00 h o 16:00 a 20:00 h' |232
233 |100 |100 |100 |100 |100 |95 |100 |100 |100 |100 |100 |100 |100 |1 |['1', '2', '4'] |'La manera en la que el profesor explicó las cosas.  Su método me pareció excelente' |En general me pareció muy bueno el curso.   Todo muy bien.  Quizá habría que manejar una segunda parte en algunas herramientas para poder profundizar en ellas pero como curso introductorio a todas las capacidades de la plataforma me pareció excelente |['1', '3'] |'Vespertino' |'Vespertino' |233
234 |100 |100 |100 |100 |100 |100 |95 |100 |100 |100 |100 |100 |100 |1 |['2'] |'La enseñanza-aprendizaje de la Plataforma educativa Microsoft Teams' |Realizar un ejercicio o ejemplo real para la creación y uso de la Plataforma educativa Microsoft Teams |['3'] |'16:00 a 20:00 h' |'16:00 a 20:00 h' |234
235 |100 |95 |100 |100 |100 |100 |95 |100 |100 |100 |100 |100 |100 |1 |['2'] |'La disponibilidad paciencia y compromiso del instructor' | Que la duración de las sesiones sea de tres horas |['3'] |'14:00 a 17:00 h' |'11:00 a 14:00 h' |235
236 |100 |100 |100 |100 |100 |100 |80 |95 |100 |100 |100 |100 |100 |1 |['2'] |'Me gustó que  las actividades fueron variadas. El curso no fue monótono ya que en ocasiones el instructor impartía el temario. En otras ocasiones realizaba reflexiones grupales  donde todos participábamos. Esto me gustó por que cada profesor impartía sus puntos de vista sobre los temas y entre todos nos realimentábamos A su vez en conjunto realizábamos tareas y ejercicios. También nos distribuía en equipos para realizar algunas actividades. Y siempre retomaba conceptos opiniones y reflexiones que cada uno daba de forma personal y las mencionaba para incluirnos dentro de la clase. Me gustó mucho la forma en que se fue llevando el curso' |Me gustaría que realizáramos más actividades y ejercicios a lo largo del curso. Pero en general estuvo bien |['1', '2', '3'] |'10:00 a 14:00 h' |'10:00 a 14:00 h' |236
237 |100 |100 |100 |100 |100 |95 |95 |100 |100 |100 |100 |95 |95 |1 |['1', '2'] |'El manejo de algunas aplicaciones que yo desconocía' |Impartir otro curso similar |['1', '3'] |'16:00 a 20:00 h' |'16:00 a 20:00 h' |237
238 |100 |100 |100 |100 |100 |100 |80 |100 |80 |100 |100 |100 |100 |1 |['2'] |'La aplicación práctica e interacción entre los participantes' |Descansos más largos en la sesiòn |['1'] |'Después de las 16:00 h' |'Después de las 16:00 h' |238
240 |100 |100 |100 |100 |100 |50 |80 |95 |100 |100 |100 |100 |100 |1 |['2'] |'La actitud y disposición del maestro' |Ojalá se pueda acompañar de talleres de acompañamiento técnico y soporte a los profesores |['3'] |'16:00 a 20:00 h' |'Fines de semana' |240
241 |100 |100 |100 |100 |100 |100 |95 |100 |100 |100 |100 |100 |100 |1 |['2'] |'Los temas y las actividades desarrolladas' |Gracias por todo sus atenciones |['3'] |'Vespertino' |'Matutino' |241
242 |100 |100 |100 |100 |95 |80 |95 |100 |95 |95 |95 |95 |95 |1 |['2'] |'Todo' |Todo esta bien |['3'] |'Vespertino' ||242
246 |100 |100 |100 |100 |100 |100 |100 |100 |100 |100 |100 |100 |100 |1 |['2'] |'El instructor' |Excelente curso que se continúe impartiendo |['1', '2', '3'] |'Ma y Ju de 12:00 a 15:00 h' |'Cualquier horario' |246
247 |100 |95 |100 |95 |95 |50 |100 |100 |100 |95 |100 |100 |100 |1 |['4'] |'Las reflexiones y el desprendimiento que se realizamos cada uno de los integrantes del grupo durante los ejercicios y las tareas' |Me gustaría dar continuidad con el tema de género tal vez con el tema del leguaje |['2', '3'] |'Después de las 18:00' |'12:00' |247
248 |100 |100 |100 |100 |100 |100 |100 |100 |100 |100 |100 |100 |100 |1 |['1', '3'] |'La calidad humana de los Instructores y la forma de abordar los temas' |Me encantaría más tiempo y otro curso |['2'] |'13:00 a 16:00' |'16:00 a 19:00' |248
249 |100 |100 |100 |100 |100 |95 |95 |100 |100 |100 |100 |100 |100 |1 |['3'] |'Las herramientas de análisis que adquirí me ayudarán a impartir una mejor clase a fomentar un ambiente de equidad y a mejorar como persona y en consecuencia como docente. Considero que conocer sobre estos temas tiene una importancia especial cuando se imparten clases en la Facultad de Ingeniería. Los temas que hablamos sobre masculinidad y el machismo me ayudarán a fomentar un ambiente de equidad. Las reflexiones sobre cómo el machismo se ha normalizado y la importancia de identificar comportamientos y situaciones machistas para corregirlas. Hablamos también sobre la perspectiva de género y aprendí que esto implica muchas dimensiones lo que me da una perspectiva mucho más amplia sobre los temas de género' |El curso me pareció excelente. Puedo observar un cambio importante en mi perspectiva y forma de entender los temas de género. Considero que el curso fue una muy buena introducción a los temas de género y me siento motivado para estudiar más al respecto y buscar más cursos para mejorar mi aprendizaje sobre estos temas |['1', '2'] |'De 08:00 a 10:00 o de 18:00 a 20:00' |'De 08:00 a 10:00 o de 18:00 a 20:00' |249
250 |95 |95 |95 |95 |95 |60 |60 |80 |80 |95 |80 |80 |80 |1 |['2'] |'Interés de los participantes' |Ver el tema más amplio |['2'] |'17:00 a 20:00' |'17:00 a 20:00' |250
251 |100 |100 |100 |100 |100 |95 |95 |95 |95 |100 |100 |100 |100 |1 |['2'] |'Todo. El contenido las dinámicas las tareas los documentos complementarios los videos' |Todos los profesores de la Facultad lo deberían tomar para estar informados y se fomente la actualización apertura y cambio a favor de la comunidad universitaria y nuestro entorno |['2'] |'16:00 a 20:00' |'16:00 a 20:00' |251
252 |100 |100 |100 |100 |100 |100 |95 |100 |100 |100 |100 |100 |100 |1 |['2', '3'] |'La participación de todos' |Excelente curso ojalá todos puedan tomarlo |['1', '2'] |'Cualquiera' |'Cualquiera' |252
253 |100 |100 |100 |100 |100 |100 |100 |100 |100 |100 |100 |100 |100 |1 |['2'] |'En este caso todo fue interesante y nuevo desde la perspectiva del género estoy muy complacido con las enseñanzas del curso porque no solo es benéfico para la comunidad universitaria también lo es para mí y para la sociedad' |Que  este curso en particular sea continuo cada semestre |['1', '2', '3'] |'16:00 a 20:00' |'16:00 a 20:00' |253
254 |100 |100 |100 |100 |100 |100 |100 |100 |100 |100 |100 |100 |100 |1 |['2'] |'La preparación académica de los Instructores' |Continuar con el siguiente nivel |['1', '2'] |'18:00 a 20:00' |'10:00 a 14:00' |254
255 |100 |100 |100 |100 |100 |100 |95 |100 |100 |100 |100 |100 |100 |1 |['2'] |'La participación de todos' |Ninguna |['2'] |'Cualquiera' |'Cualquiera' |255
256 |100 |100 |100 |100 |100 |100 |100 |100 |100 |100 |95 |100 |95 |1 |['4'] |'Los temas y sobretodo los Instructores' |Me gustaría poder tomar otros talleres con los mismos Instructores |['2'] |'Cualquiera' ||256
257 |95 |95 |95 |95 |95 |95 |95 |95 |95 |100 |100 |100 |100 |1 |['2'] |'El camino a la reflexión' |Ninguna |['1', '2', '3'] ||'10:00 a 14:00' |257
258 |100 |100 |100 |100 |100 |100 |100 |100 |100 |100 |100 |100 |100 |1 |['2'] |'La amplia experiencia en el tema de la Mtra. Ena y el Mtro. Claudio y su excelente didáctica para transmitir sus conocimientos' |Dar el curso en 2 partes ya que al tener un grupo bastante participativo hubo temas en los que se profundizó mucho y otros en los que faltó tiempo para abordarlos con más profundidad |['2'] |'18:00 a 20:00' |'18:00 a 20:00' |258
260 |100 |100 |100 |100 |100 |100 |95 |95 |95 |100 |100 |100 |100 |1 |['1'] |'El aprendizaje colaborativo' |Que continúe en un siguiente curso |['1', '2'] |'Micromachismos en el aula' |'Cualquiera' |260
261 |100 |95 |95 |100 |100 |100 |95 |95 |100 |80 |80 |95 |100 |1 |['2'] |'Familiarizarme con conceptos de género tan necesarios en la docencia' |Todo bien |['1', '2'] |'Mi o vi vespertino' |'Mi o vi vespertino' |261
262 |100 |100 |100 |100 |100 |95 |60 |95 |95 |100 |100 |100 |100 |1 |['2'] |'Los Instructores el cómo expusieron los temas y las actividades realizadas' |Que se den este tipo de cursos al alumnado o al menos pláticas |['2'] |'Vespertino' |'Vespertino' |262
263 |100 |100 |100 |100 |100 |100 |95 |100 |100 |100 |100 |100 |100 |1 |['2'] |'Escuchar a los participantes (profesores hombres sobre todo) para entender algo de lo que piensan sobre estos temas de género que afectan a todos' |Recomiendo que este curso sea requisito para todos los profesores por lo menos de la Facultad de Ingeniería. No puedo creer que no sea posible. Esto lo veo como un curso indispensable para todos y todas |['2'] |'18:00 a 20:00' |'18:00 a 20:00' |263
264 |100 |100 |100 |100 |100 |100 |100 |100 |100 |100 |100 |100 |100 |1 |['1'] |'La amplia experiencia de los Instructores sobre el tema siempre resolvieron dudas e hicieron muy digerible los temas abordados junto con dinámicas que favorecieron mucho' |La amplia experiencia de los Instructores sobre el tema siempre resolvieron dudas e hicieron muy digerible los temas abordados junto con dinámicas que favorecieron mucho |['2'] |'Cualquiera' |'Cualquiera' |264
265 |100 |100 |100 |100 |100 |100 |100 |100 |100 |100 |100 |100 |100 |1 |['4'] |'La manera de llevar el curso de los Instructores' |Un siguiente curso |['1', '2', '3'] |'Vespertino' |'Matutino' |265
266 |100 |100 |100 |100 |100 |100 |95 |100 |100 |100 |100 |100 |100 |1 |['2'] |'La importancia del tema de la violencia de género en nuestra sociedad a través de la impartición de clases muy reflexivas y motivacionales' |Me parece un tema de relevancia sustantiva. Felicito a los Instructores y los conmino a seguir en la impartición de este motivante curso |['1'] |'17:00 a 20:00' |'Cualquiera' |266
267 |100 |100 |100 |100 |100 |100 |95 |100 |100 |100 |100 |100 |100 |1 |['2'] |'Las actividades donde tuvimos oportunidad de compartir ideas y experiencias' |En lo particular preferiría que la parte teórica fuera al inicio y las actividades al final |['2'] |'16:00 a 20:00' |'09:00 a 13:00' |267
268 |100 |100 |100 |100 |100 |100 |100 |100 |100 |100 |100 |100 |100 |1 |['2'] |'Compartir mis vivencias y experiencias con docentes que están sintiendo lo mismo que yo' |Hacerlo un poco más corto de tiempo por día |['1', '2', '3'] |'Vespertino' |'Vespertino' |268
269 |100 |100 |100 |100 |100 |100 |100 |100 |100 |100 |100 |100 |100 |1 |['1'] |'La interacción entre la Instructora y los participantes' |Ninguna |['3'] |'Vespertino' |'Matutino' |269
272 |100 |100 |100 |100 |100 |100 |100 |100 |100 |100 |100 |100 |100 |1 |['1'] |'El clima grupal para compartir experiencias socioemocionales con relación a la tecnología y la educación a distancia' |El curso debe de continuar dándose con nuevos contenidos específicos que promuevan el sentido de la educación como medio de fortalecimiento ante el impacto emocional de la pandemia en la educación a distancia como el establecimiento de una comunicación terapéutica mediada por la empatía con los alumnos la promoción de una educación reflexiva que promueva la praxis tanto en maestros como alumnos la promoción de espacios de acompañamiento en el aula virtual para verbalizar sentimientos provocados por la academia (acceso a recursos tecnológicos incertidumbre del futuro profesional en alumnos y en la eficacia de los maestros en esta nueva modalidad) como un medio de disminuir el desgaste o burnout |['1', '2', '3'] |'Sa y do de 10:00 a 14:00' |'10:00 a 14:00' |272
273 |100 |100 |100 |100 |100 |95 |100 |95 |95 |100 |100 |100 |100 |1 |['3'] |'Tuvimos oportunidad de reflexionar sobre muchos temas y compartir puntos de vista sobre muchos temas que son directamente aplicables a la práctica docente. Discutimos sobre las habilidades para el manejo de herramientas tecnológicas que observamos en nuestros alumnos y cómo dirigirlas para que sean usadas como herramientas de aprendizaje. Hablamos sobre el Burnout tanto en estudiantes como docentes e identificamos recomendaciones para evitarlo. También identificamos algunas emociones que hemos sentido al desempeñar nuestra labor docente dentro de la pandemia por COVID-19 y tuvimos oportunidad de compartir nuestros sentires y pensares' |Me parecieron muy interesantes los temas que abordamos y me dio gusto que el curso fuera impartido a distancia. No hubiera tenido oportunidad de tomar el curso si hubiera sido presencial y pude observar un beneficio adicional de que el curso fuera impartido en línea: al tomar el rol de alumnos tomando un curso a distancia pudimos ponernos en el lugar de nuestros alumnos y generar ideas empáticas con ellos que compartimos durante los debates en los que participamos |['1', '2'] |'De 08:00 a 10:00 o de 18:00 a 20:00' |'De 08:00 a 10:00 o de 18:00 a 20:00' |273
274 |100 |100 |100 |100 |100 |95 |95 |95 |100 |95 |95 |95 |95 |1 |['1'] |'Evidenciar la situación emocional personal y de las personas que nos rodean' |Este tipo de cursos nos ayuda a empatizar y orientarnos sobre las diversas situaciones y su adecuado manejo |['1', '2'] |'Matutino' |'Matutino' |274
275 |95 |95 |100 |100 |100 |60 |95 |100 |100 |100 |100 |100 |100 |1 |['2', '4'] |'Las temáticas abordadas las discusiones colegiadas' |Que las entregas finales fueran más interactivas |['1', '2', '3'] |'10:00 a 14:00' |'10:00 a 14:00' |275
278 |100 |100 |100 |100 |100 |95 |95 |95 |100 |100 |100 |100 |100 |1 |['3'] |'La información compartida la puntualidad el compromiso' |El tiempo de duración de 4 horas me complicó la  estancia toda vez que regresamos a trabajar a las oficinas |['1'] |'Matutino' |'Vespertino' |278
280 |100 |100 |100 |100 |100 |100 |95 |95 |100 |100 |95 |95 |100 |1 |['3'] |'Los temas abordados' |Un poco más de velocidad en la exposición de temas. Fuera de eso ¡excelente! |['1', '2', '3'] |'10:00 a 13:00' |'Cualquiera' |280
282 |100 |100 |100 |100 |100 |95 |95 |100 |100 |95 |100 |100 |100 |1 |['4'] |'Contenido y la sensibilidad de la Instructora. Generó un ambiente de confianza y de escucha' |Tal vez que las 24 horas se distribuyan de otra manera para que no sea cansado estar 4 horas frente a pantalla |['1'] |'De 08:00 a 12:00 o de 18:00 a 20:00' |'Cualquiera' |282
283 |100 |100 |100 |100 |100 |100 |100 |95 |95 |100 |100 |100 |100 |1 |['2'] |'La explicación de como los métodos de enseñanza y aprendizaje cambiarán por el efecto de la pandemia y como podemos introducir algunas estrategias a nuestros cursos para mejorarlos y tener comunicación con nuestros alumnos' |Quisiera que se ampliaran un poco más algunas estrategias que se puedan implementar durante nuestros curso como plataformas de videojuegos trivias etc. para poder captar la atención de los alumnos y hacer la sesión más dinámica |['2'] |'Cualquiera' |'Cualquiera' |283
284 |100 |100 |100 |100 |100 |95 |95 |100 |100 |100 |100 |100 |100 |1 |['2'] |'El intercambio de experiencias con los demás docentes' ||['1', '3'] |'Sa de 07:00 a 12:00' ||284
285 |100 |100 |95 |100 |100 |80 |80 |100 |100 |100 |95 |95 |100 |1 |['1'] |'Las experiencias de mis compañeros' |Solamente un mejor horario que no interfiera con las actividades |['1', '2', '3'] |'07:00 a 11:00' |'17:00 a 21:00' |285
286 |100 |100 |100 |100 |100 |60 |95 |100 |100 |95 |95 |95 |95 |1 |['2'] |'El intercambio de experiencias y consejos con otros profesores' |Mayor difusión a este tipo de cursos |['1', '2', '3'] |'Cualquiera' |'Cualquiera' |286
287 |100 |100 |100 |100 |100 |80 |95 |100 |100 |100 |100 |100 |100 |1 |['1'] |'Poder compartir experiencias entre todos y ser guiados por la Instructora. Excelente' |Darle más difusión al curso. Es cierto que me enteré por la página de DGAPA pero es importante hacer publicidad. Hay veces en que sentimos que esta parte de la Universidad está un poco olvidada |['1', '2'] |'Después de las 16:00' |'10:00 a 14:00' |287
289 |100 |100 |100 |100 |100 |100 |100 |100 |100 |100 |100 |100 |100 |1 |['4'] |'Las TIC que se están y estarán ocupando' |Invitación a otros cursos |['1'] |'Cualquiera' |'Cualquiera' |289
290 |100 |95 |95 |95 |95 |95 |95 |95 |95 |95 |95 |95 |95 |1 |['2'] |'La convivencia con otros compañeros de diversas especialidades' |Ninguna |[] |'16:00 a 18:00' |'12:00 a 16:00' |290
291 |80 |80 |80 |80 |80 |80 |80 |80 |80 |80 |80 |80 |80 |0 |['2'] |'Sencillez y alternación de fechas' |No hacer sesiones tan extensas realmente no considero que fuese necesario |['1', '3'] |'Matutino' |'Matutino' |291
292 |95 |80 |100 |95 |95 |95 |95 |95 |95 |100 |100 |100 |100 |1 |['4'] |'Los artículos mencionados' |Menos tiempo a opiniones personales |['1', '3'] |'Cualquiera' |'Cualquiera' |292
293 |100 |100 |100 |100 |100 |100 |100 |100 |100 |100 |100 |100 |100 |1 |['3'] |'La forma de exponer y no saturarnos de tarea' |Ninguna todo bien |['1'] |'16:00 a 17:30' |'16:00 a 18:00' |293
294 |100 |100 |100 |100 |100 |95 |95 |95 |95 |100 |100 |100 |100 |1 |['1'] |'Toda la valiosa información para la gestión del estrés expuesta discutida analizada e ilustrada' |Ampliar la duración del curso a 20 horas |['2'] |'13:00 a 15:00' |'16:00 a 18:00' |294
295 |100 |100 |100 |100 |100 |95 |95 |100 |100 |100 |95 |100 |100 |1 |['1'] |'El contenido de los temas' |Continuar dando el curso |['1'] |'Lu y mi de 16:00 a 20:00' |'Lu, mi y vi de 16:00 a 20:00' |295
298 ||80 |60 |80 |80 |95 |95 |95 |95 |80 |80 |80 |80 |1 |['2'] |'Compartir experiencias' |Que no dejen trabajo final mejor que evalúen con las actividades realizadas en cada sesión ya que por nuestras actividades no tenemos tiempo para tareas y/o  trabajos |['3'] |'De 17:00 en adelante' |'De 17:00 en adelante' |298
299 |100 |100 |100 |100 |100 |100 |95 |95 |100 |100 |100 |100 |100 |1 |['1'] |'La retroalimentación de la instructora así como la forma de llevar a cabo el curso' |Que se pudiera impartir la parte 2 de este curso |['3'] |'12:00 a 15:00' |'12:00 a 15:00' |299
300 |100 |100 |100 |95 |100 |100 |95 |95 |95 |100 |100 |100 |100 |1 |['4'] |'Los momentos de reflexión personal' |Que el curso tenga una duración de más horas y que se pudieran hacer las actividades indicadas para gestionar el estrés de manera presencial (obviamente esto dependerá de las condiciones sanitarias |['1'] |'16:00 a 20:00' |'16:00 a 20:00' |300
301 |100 |100 |100 |100 |100 |100 |100 |100 |100 |100 |100 |100 |100 |1 |['2'] |'La atinada temática del curso enfocada hacia las situaciones de  estrés que  se presenta en el académico resultado de diferentes factores psicosociolaborales (Palabra inventada por su servidor) y que para  empezar es importante darse cuenta de que existe y después  buscar la solución' |Excelente  temática y curso |['1'] |'17:00 a 19:00' |'13:00 a 15:00' |301
302 |100 |95 |95 |100 |100 |100 |100 |95 |95 |100 |100 |100 |100 |1 |['1'] |'La convivencia entre los participantes' |Otra parte del  curso  que siga alimentado los contenidos |['2'] |'Cualquiera' |'Cualquiera' |302
303 |100 |95 |100 |100 |95 |100 |95 |100 |100 |100 |100 |100 |100 |1 |['1'] |'La identificación de situaciones estresantes y las estrategias para combatir el estrés' |Solamente que el taller durara unas 5 o 10 horas más |['1'] |'16:00 a 19:00' |'Vespertino' |303
304 |100 |100 |100 |100 |100 |95 |95 |95 |100 |95 |95 |100 |100 |1 |['2'] |'Las estrategias y ejercicios' |Todo bien |['2'] |'18:00 a 20:00' |'20:00 a 22:00' |304
305 |100 |100 |100 |95 |95 |95 |80 |95 |100 |100 |100 |100 |100 |1 |['2'] |'Todo el contenido que se dio y saber que otros profesores están pasando por las mismas circunstancias de estrés que yo' |Gran contenido y curso deberían de volver a abrirlo y hacer más difusión hay personal de la planta docente que no reconoce que está en un estado de estrés por la situación actual |['2'] |'De 18:00 a 20:00 en línea o de 15:00 a 17:00 presencial' |'De 18:00 a 20:00 en línea o de 09:00 a 11:00 presencial' |305
308 |100 |100 |100 |100 |100 |80 |60 |95 |100 |100 |100 |100 |100 |1 |['2'] |'Los ejercicios de relajación las técnicas que nos proporciono la Maestra María Elena' |La verdad el curso me resulto muy interesante y las técnicas que nos proporciono la maestra sin duda excelentes al igual que los ejercicios que realizamos con ayuda de la profesora. Excelente curso Maestra. Gracias por darnos su tiempo y compartir sus conocimientos con todos nosotros |['1', '2', '3'] |'Vespertino' |'Cualquiera' |308
309 |95 |95 |95 |95 |95 |80 |80 |95 |100 |100 |95 |95 |95 |1 |['2'] |'Los ejercicios prácticos para reducir el estrés' |Los ejercicios prácticos para reducir el estrés |['2'] |'17:00 a 19:00' |'17:00 a 19:00' |309
311 |100 |100 |100 |100 |100 |100 |100 |100 |100 |100 |100 |100 |100 |1 |['4'] |'El intercambio de experiencias.' |Ninguna. |[] |||311
312 |100 |100 |100 |100 |100 |100 |60 |95 |100 |100 |95 |100 |100 |1 |['4'] |'La interacción entre los participantes' |No tengo |[] |||312
315 |100 |100 |100 |100 |100 |50 |50 |50 |95 |100 |100 |80 |100 |1 |['4'] |'Temas abordados que inducen a una reflexión profunda del quehacer docente' |Excelente |['2'] |||315
316 |100 |100 |100 |100 |100 |95 |80 |95 |100 |100 |100 |100 |100 |1 |['4'] |'El aprendizaje obtenido' |Ninguno |[] |||316
318 |100 |100 |100 |100 |100 |95 |60 |100 |100 |100 |100 |100 |100 |1 |['4'] |'Prácticamente todo el seminario' |Ninguna |[] |||318
321 |100 |100 |100 |100 |100 |100 |100 |100 |100 |100 |100 |100 |100 |1 |['4'] |'Los temas tratados' |Continuar con este tipo de cursos de formación docente |['1', '3'] |||321
323 |100 |100 |100 |100 |100 |95 |100 |100 |95 |100 |100 |100 |100 |1 |['1', '4'] |'La participación activa y entusiasta de los y las asistentes.' ||[] |||323
325 |100 |100 |100 |100 |100 |100 |100 |100 |100 |100 |100 |100 |100 |1 |['4'] |'Considero que el dialogo que se propició entre todos los asistentes fue muy enriquecedor.' |Considero que así como se desarrolla e imparte es lo adecuado. |['1'] |||325
326 |100 |100 |100 |100 |100 |100 |80 |100 |95 |100 |100 |100 |100 |1 |['4'] |'la complejidad del tema y su desarrollo' |Gracias |[] |||326
327 |100 |95 |100 |100 |100 |100 |80 |100 |95 |100 |100 |100 |100 |1 |['4'] |'Ser consciente de la problemática actual de la educación en línea.' |Que los participantes propongan tareas específicas para elevar el nivel académico de la comunidad de nuestra Facultad. |[] |||327
330 |100 |100 |100 |100 |100 |100 |80 |100 |100 |100 |100 |100 |100 |1 |['1', '4'] |'...la participación de asistentes y facilitadores…' |...felicitar al equipo… |['2'] |||330
331 |100 |100 |100 |100 |100 |95 |100 |100 |100 |100 |100 |100 |100 |1 |['4'] |'Su contenido así como el desarrollo del mismo en cuanto a la conducción de los expositores la participación de los asistentes y de los otros elementos de los que constó el curso.' |Ninguna en particular sólo que se sigan ofreciendo cursos como éste en el seminario. |[] |||331
332 |100 |100 |100 |100 |100 |100 |100 |100 |100 |100 |95 |100 |100 |1 |['4'] |'La relevancia del tema para la actividad que desarrollo como docente.' |Si es posible descargar a la computadora del expositor los videos que se presentan porque me parece que de esa manera se ven y se escuchan mejor en la videoconferencia. |['1'] |||332
334 |100 |100 |100 |100 |80 |100 |60 |100 |100 |100 |100 |100 |100 |1 |['4'] |'El desafío de en tan poco tiempo hacer casi una publicación en un área muy diferente yo me dedico a la Ingeniería Química con aplicación a optimización de procesos.' |Excelente |[] |||334
335 |100 |100 |100 |100 |100 |100 |60 |80 |100 |100 |100 |100 |100 |1 |['1', '4'] |'Las experiencias que se presentaron por arte de los participantes algo muy interesante es que se integran participantes de diferentes áreas y no sólo de las ingenierías el tener contacto y opiniones de otras áreas disciplinarias de la educación es muy importante para formar una opinión integral. La expositora se dirige y genera un ambiente de confianza y muy positivo.' |Para semestres posteriores sería bueno considerar horarios durante el periodo intersemestral. |['1'] |||335
336 |100 |100 |100 |100 |100 |95 |60 |100 |100 |100 |100 |100 |100 |1 |['4'] |'La reflexión desde diferentes perspectivas sobre el quehacer del docente y del estudiante dentro de las clases en línea la oportunidad mirar el proceso educativo en línea como un tema de investigación enfocándola  en algún tema en particular que requiera atención.' |Creo que se puede acotar el área o temática del curso o seminario hacia un tema en particular para que las opiniones y análisis nos conduzcan a un tema de investigación más concreto por ejemplo como hacer participar a los alumnos  sin invadir su privacidad sin necesidad de obligarlos a abrir sus cámaras con el objetivo de lograr un mejor aprendizaje. |['1', '2'] |||336
338 |100 |100 |100 |100 |100 |100 |100 |100 |100 |100 |100 |100 |100 |1 |['4'] |'La participación de mis compañeros fue siempre diversa y enriquecedora' |Tiempos para procesar la información y preparar la propuesta de investigación un poco mayor |['3'] |||338
339 |100 |100 |100 |100 |100 |100 |60 |100 |100 |100 |95 |60 |100 |1 |['4'] |'Que estoy analizando la problemática que presentan las familias en la pandemia y su repercusión en el alumnado de la materia de álgebra que estoy dando en el presente semestre con lo cual diseñaré un proyecto de investigación educativa mediante un proceso estructurado apoyados en los pasos del método científico.' |No tendría sugerencias; solo agradecer a las facilitadoras del Seminario por sus conocimientos y apoyo. |['3'] |||339
341 |100 |100 |95 |100 |60 |100 |60 |80 |95 |95 |60 |50 |100 |1 |['4'] |'Aprender algo nuevo la investigación educativa' |Labor de sensibilizado al público ante que es un seminario no curso |['1'] |||341
342 |100 |100 |100 |100 |100 |100 |80 |100 |100 |100 |100 |100 |100 |1 |['4'] |'La conciencia que despertó en quienes participamos de la cantidad de factores dignos de análisis en nuestra práctica docente. ¡No hay detalles insignificantes en el quehacer académico!' |Tal vez una duración mayor facilitaría las cosas. |['2'] |||342
343 |100 |100 |100 |100 |100 |100 |50 |100 |100 |100 |100 |100 |100 |1 |['4'] |'El aprendizaje las experiencias de otros participantes y la forma de exponer de la Profra Martha del Moral' |Ninguna |[] |||343
344 |100 |100 |100 |100 |100 |100 |100 |100 |100 |100 |95 |100 |100 |1 |['4'] |'Escuchar la participación de los asistentes' |Todo está bien |[] |||344
345 |80 |100 |95 ||80 |100 |80 |100 |95 |100 |100 |100 |100 |1 |['4'] |'El intercambio de experiencias de los asistentes.' |Menos videos y más material de la autoría de la ponente. |['1'] |||345
346 |100 |100 |100 |100 |100 |100 |80 |100 |100 |95 |100 |80 |100 |1 |['4'] |'El intercambio de experiencias entre docentes y aprender con ellos.' |Que se tengan otros recursos didácticos extra (además de los videos) para complementar la información o temática que se aborde por ejemplo infografías PDF sitios web interactivos etc. |['1'] |||346
347 |100 |100 |100 |100 |100 |100 |100 |100 |100 |100 |100 |100 |100 |1 |['4'] |'Todo' |Ninguna |[] |||347
349 |100 |100 |100 |100 |100 |100 |80 |80 |95 |100 |100 |100 |100 |1 |['4'] |'Aprender teorías conceptos y retos que ignoraba o no había pensado en la modalidad en línea que tanto alumnos como profesores enfrentamos frecuentemente.' |Me gustaría que se planteara la elaboración de un proyecto relativo a los temas que se presentaron y en el que contribuyan o trabajen los asistentes al seminario. Los puntos de vista y por consiguiente las distintas contribuciones de todos pueden ser motivantes y proporcionar una enseñanza para todos por el hecho de trabajar en grupo. Posiblemente es difícil que todo el grupo participe en un solo proyecto por lo que se podrían formar dos o tres grupos que trabajasen en proyectos en común.  También es arduo que en un corto tiempo se realicen trabajos muy ambiciosos no obstante alguno de ello podría se el germen de algo esencial y fundamental en nuestra vida académica. |[] |||349
350 |100 |100 |100 |100 |100 |100 |100 |100 |100 |100 |100 |80 |100 |1 |['4'] |'La participación de asistentes' |Difundir este seminario a jóvenes docentes |[] |||350
351 |100 |100 |100 |100 |100 |100 |60 |100 |100 |100 |100 |100 |100 |1 |['1', '4'] |'Las instructoras' |Continuar con este tipo de actividades |[] |||351
355 |100 |100 |100 |100 |100 |100 |100 |100 |100 |95 |100 |100 |100 |1 |['2'] |'Las experiencias de los demás profesores' ||['1', '2'] |'18:00 a 20:00' |'18:00 a 20:00' |355
356 |100 |100 |100 |100 |100 |95 |80 |80 |95 |100 |100 |100 |100 |1 |['2'] |'La actitud de la Mtra Laura' |Que no se pierda el foco de la lección muchas veces los compañeros entran en discusiones que divergen del punto de la lección. |['1', '2'] |'12:00 a 14:00' |'12:00 a 14:00' |356
357 |100 |100 |100 |100 |100 |95 |95 |95 |95 |100 |100 |100 |100 |1 |['2'] |'Lo compartido por la facilitadora los ejercicios realizados en equipo y el aprendizaje colaborativo' |Agradecimiento por lo brindado y satisfacción con lo aprendido |['2'] |'Vespertino' |'Vespertino' |357
358 |100 |100 |100 |100 |100 |95 |100 |100 |100 |100 |100 |100 |100 |1 |['2'] |'Que es muy dinámico' |El curso es excelente además de útil y productivo |['1', '2', '3'] |'Vespertino' |'Cualquiera' |358
360 |95 |95 |95 |95 |95 |95 |95 |100 |95 |100 |100 |100 |100 |1 |['2'] |'El trabajo colaborativo' |Analizar la evaluación desde la perspectiva de las clases en línea |['3'] |'14:00 a 19:00' |'10:00 a 13:00' |360
361 |80 |80 |95 |80 |95 |80 |95 |95 |95 |95 |95 |95 |95 |1 |['1', '2', '3'] |'La participación de todos los colegas en las actividades grupales me pareció muy enriquecedora' |Me parece que el curso podría mejorar bastante si se diseña y organiza mejor todo el contenido así como si se realiza una planeación más adecuadas de las actividades a realizar. El objetivo y los aprendizajes esperados del curso son buenos pero la manera de ejecutarlos no permite que se aprovechen adecuadamente. |['1', '2'] |'Matutino' |'Matutino' |361
363 |95 |100 |95 |95 |100 |95 |80 |95 |100 |100 |100 |100 |100 |1 |['2'] |'La interacción con los demás profesores y que hayan compartido sus experiencias.' |Todo muy bien sólo que en la última actividad "Mapa conceptual" considero que requería más tiempo para desarrollarse. |['1'] |'10:00 a 12:00' |'10:00 a 12:00' |363
365 |95 |100 |95 |100 |100 |100 |95 |95 |100 |95 |95 |95 |95 |1 |['2'] |'La dinámica de trabajar en equipos para revisar los trabajos o cuestionarios que cada quien hace en sus materias' |Ninguna |['1'] |'11:00 a 13:00' |'13:00 a 15:00' |365
366 |100 |100 |100 |100 |100 |100 |95 |95 |100 |100 |100 |100 |100 |1 |['2'] |'La estructura de trabajo de equipo grupal y aportación de los temas se integro para la participación aportación de los participantes para fortalecer lo aprendido de su experiencia de la profesora Laura Márquez Algara.' |Que se realizara segunda parte del curso-taller: Evaluación del aprendizaje escolar |['3'] |'Cualquiera' |'Cualquiera' |366
368 |100 |100 |100 |100 |100 |80 |80 |100 |100 |100 |100 |100 |100 |1 |['2'] |'La retroalimentación el trabajo en equipo y todo el material que se presento tanto por parte de la Maestra Laura como la de los participantes al curso.' |Que lo vuelvan a impartir |['1', '2'] |'16:00 a 18:00' |'09:00 a 13:00' |368
370 |100 |100 |100 |100 |100 |80 |80 |95 |95 |95 |95 |95 |80 |1 |['3'] |'Obtener el conocimiento de las diferente alternativas en la evaluación de los alumnos y las técnicas para hacer reactivos en la evaluación de los mismos de una manera más objetiva preguntándonos que es lo que queremos evaluar.\nAprender en el curso los posibles problemas que enfrentan los alumnos cuando tienen que  hacer un trabajo que les dejamos realizar creyendo que están suficientemente claras las instrucciones el objetivo y no es así.' |Que el curso sea de más días ya que es muy corto el tiempo que dura;  es un curso necesario y se requiere más tiempo para ver los temas más a fondo. |['3'] |'16:00 a 18:00' |'10:00 a 12:00, 16:00 a 18:00' |370
374 |95 |95 |95 |95 |100 |95 |95 |100 |100 |100 |100 |100 |100 |1 |['2'] |'El trabajo en equipos y la retroalimentación en temas de los profesores del curso. En general hubo una buena participación por parte de todos los profesores que tomamos el curso y por parte de la instructora también obtuvimos retroalimentación de los trabajos presentados.' |Más que sugerencia los cursos ayudan muchísimo a la formación de nosotros los docentes los cursos que se ofrecen son de gran ayuda tanto en lo profesional como en lo académico evidentemente y porque no también en lo personal. gracias al Centro de Docencia por los cursos que ofrecen. |['1'] |'09:00 a 11:00, 17:00 a 19:00' |'Cualquiera' |374
378 |100 |100 |100 |100 |100 |80 |80 |95 |100 |100 |100 |100 |100 |1 |[] |'La información proporcionada y la motivación' |Planear cursos de algunos temas específicos que se vieron pero dedicándose mayor número de horas a éstos. Se tendría entonces mayor interacción con los profesores participantes contando con la posibilidad de intercambiar opiniones resultados y aceptar comentarios del trabajo individual que realizamos en las aulas. |['1'] |'10:00 a 14:00' |'Cualquiera' |378
379 |100 |100 |100 |100 |100 |95 |80 |100 |100 |100 |100 |100 |100 |1 |['1'] |'Compartir los trabajos y experiencias de los participantes.' |Mayor extensión del curso |['1', '3'] |'16:00 a 20:00' |'10:00 a 13:00' |379
380 |100 |100 |100 |100 |100 |100 |100 |100 |100 |100 |100 |100 |100 |1 |['2'] |'El intercambio de experiencias entre docentes' |Promover más cursos de este tipo |['1'] |'Ma y Ju 10:00 a 12:30' |'Ma y Ju' |380
381 |95 |95 |95 |100 |95 |100 |95 |100 |100 |100 |100 |100 |100 |1 |['2'] |'El proceso propuesto para llevar a cabo el Aula Invertida' |Más ejercicios prácticos que sean comentados por el instructor(a) y los demás participantes. |['1', '2'] |'17:00 a 19:00' |'Cualquiera' |381
382 |100 |100 |100 |100 |100 |100 |95 |100 |100 |100 |100 |100 |100 |1 |['2'] |'Las herramientas digitales que no conocía antes del curso y que voy a incorporar a mi labor docente.' |Agradezco la paciencia y buena disposición en todo momento del curso de la instructora. |['1', '2', '3'] |'16:00 a 19:00' |'10:00 a 14:00' |382
387 |100 |100 |100 |100 |100 |100 |100 |100 |100 |100 |100 |100 |100 |1 |['1'] |'La disposición de la instructora a apoyar a los profesores durante todo el proceso' |Trabajar un poco más el manejo de las herramientas |['1', '3'] |'16:00 a 18:00' |'09:00 a 12:00' |387
388 |100 |100 |100 |100 |100 |95 |95 |100 |100 |100 |100 |100 |100 |1 |['2'] |'La forma de llevar las sesiones por parte del instructor fueron muy claras y oportunas' |Que se desarrolle algún ejemplo de la metodología aplicado a la ingeniería |['3'] |'18:00 a 20:00' |'18:00 a 20:00' |388
389 |100 |100 |100 |100 |100 |100 |95 |100 |100 |100 |100 |100 |100 |1 |['1'] |'El conocimiento de los tópicos' |Mayor práctica |['2'] |'Ma y Ju 16:00 a 21:00' |'11:00 a 14:00; 16:00 a 21:00' |389
398 |100 |95 |95 |100 |100 |95 |80 |100 |100 |100 |100 |100 |100 |1 |['1', '2'] |'Los ejemplos que se presentaron durante el curso' ||['1', '3'] |'19:00 a 21:00' |'11:00 a 14:00' |398
607 |100 |100 |100 |100 |100 |80 |100 |100 |100 |100 |100 |100 |100 |1 |['2'] |'La utilización de varias herramientas que nos pueden ayudar a la práctica docente' |Extender el curso para revisar más materiales |['1'] |'17:00 a 21:00 h' |'17:00 a 21:00 h' |607
608 |100 |100 |100 |100 |100 |100 |100 |100 |100 |100 |100 |100 |100 |1 |['1'] |'Todo' ||['3'] |||608
609 |95 |95 |95 |95 |95 |80 |95 |100 |95 |95 |95 |95 |95 |1 |['4'] |'Conocer nuevos recursos para compartir información con los estudiantes' |Reducir el horario de las sesiones y aumentar los días del curso adicional a esto preparar lo mejor posible la programación de actividades y el desarrollo de cada una de las aplicaciones |['1', '2', '3'] |'18:00 a 20:00 h' |'18:00 a 20:00 h' |609
610 |100 |100 |100 |100 |100 |100 |95 |100 |100 |100 |100 |100 |100 |1 |['2'] |'La utilización de las diferentes herramientas para la integración de los diferentes elementos en un video educativo Herramientas para grabar y editar audio otras para edición de imágenes y texto  así como otra propia para edición de video' |Un video independiente por cada herramienta para abordar más a fondo cada programa |['1'] ||'Después de las 15:00 h' |610
612 |100 |100 |100 |100 |100 |80 |95 |100 |95 |100 |100 |100 |50 |1 |['2'] |'La información proporcionada y actitud del profesor' |Más tiempo para conocer los programas con mayor detalle |['1'] |'Después de las 16:00 h' ||612
614 |100 |100 |100 |100 |100 |100 |100 |100 |100 |100 |100 |100 |100 |1 |['2'] |'La gran cantidad de programas que se utilizaron' |Muy buen curso |['3'] |'Vi de16:00 a 20:00 h' |'Vi de16:00 a 20:00 h' |614
616 |100 |100 |100 |100 |100 |95 |80 |95 |100 |100 |100 |100 |100 |1 |['2'] |'Fortaleza oportunidades aprendizaje misión visión y conocimiento' |Felicidades por la estructura del curso |['3'] |'16:00 a 20:00 h' |'16:00 a 20:00 h' |616
621 |95 |95 |95 |95 |95 |95 |95 |95 |95 |95 |95 |95 |95 |1 |['4'] |'Aprendí a emplear diversas herramientas como Blender Audacity y GIMP' |Que se pida como requisito previo conocimiento en el manejo básico de PC ya que muchos profesores presentan deficiencias básicas en el uso de software (cambiar de una ventana a otra donde están las funciones en el teclado etc) por lo que de las cuatro horas realmente se aprovecha a lo más una hora las demás se usaron para responder estas deficiencias por lo que no se vieron varias utilidades de software que pudieron haber sido productivas |['1', '3'] |'10:00 a 14:00 h' |'10:00 a 14:00 h' |621
622 |100 |100 |100 |100 |100 |95 |95 |95 |95 |100 |100 |100 |100 |1 |['1'] |'El uso de diversas herramientas para TIC´s' |Brindar un manual ligero para las herramientas de software |['3'] |'Vespertino' ||622
623 |100 |100 |100 |100 |100 |100 |100 |100 |100 |100 |100 |100 |100 |1 |['1'] |'La creación de infografía y la edición de audio y videos' ||['1', '3'] |'Ma, Ju o Vi de 16:00 a 20:00 h' |'Después de las 14:00 h' |623
625 |100 |100 |100 |95 |100 |95 |95 |95 |95 |100 |100 |100 |100 |1 |['4'] |'La disposición del impartidor y los temas revisados' ||['1', '3'] |||625
626 |100 |100 |100 |100 |100 |100 |95 |100 |95 |100 |100 |100 |100 |1 |['2'] |'Yo creo que todo. Muy interesante las herramientas que vimos en el curso y un profesor que las conoce muy bien' |Aumentar la duración de este tipo de cursos para ver con mayor detalle las herramientas |['1'] |'Vi de 16:00 a 20:00 h' |'Lu a Vi de 9:00 a 13:00 h' |626
627 |95 |95 |95 |95 |95 |80 |80 |95 |80 |100 |95 |95 |95 |1 |['3'] |'Conocer las nuevas herramientas' ||['1', '3'] |'18:00 a 20:00 h' |'18:00 a 20:00 h' |627
628 |95 |100 |100 |100 |95 |95 |95 |100 |95 |100 |95 |100 |100 |1 |['2'] |'La parte de infografías mediante Canva' |Considero si se pudiera dar cursos los días sábados por la tarde sería una buena opción |['1'] |||628
629 |95 |100 |100 |100 |100 |100 |95 |95 |100 |100 |100 |100 |100 |1 |['1'] |'Todos los temas' |Publicar más temas similares |['3'] |'Matutino' |'Vespertino' |629
630 |95 |95 |95 |95 |95 |95 |95 |95 |95 |95 |95 |95 |95 |1 |['2'] |'Todo' |Ampliar un poco más los temas o realizar otro curso |['1', '2', '3'] |'Vespertino' ||630
631 |100 |100 |100 |100 |100 |60 |80 |100 |100 |100 |100 |100 |100 |1 |['3'] |'La diversidad de los materiales utilizados' |Todo fue excelente |['3'] |'16:00 a 18:00 h' |'16:00 a 18:00 h' |631
632 |100 |100 |100 |100 |100 |100 |95 |100 |100 |100 |100 |100 |100 |1 |['1'] |'Haber aprendido sobre los programas recursos y herramientas didácticas que nos enseñó el profesor' |Quizá un poco más de tiempo al curso en sesiones asíncronas y sesiones síncronas más cortas como de dos horas o tres máximo |['3'] |'Después de las18:00  h' |'Matutino' |632
636 |100 |100 |100 |100 |100 |95 |95 |95 |100 |100 |100 |100 |100 |1 |['2', '3'] |'El contenido es muy completo e interesante para ser aplicado en la práctica' |Que este curso sea obligatorio para los profesores de la facultad muchas gracias |['1', '3'] |'10:00 a 12:00' |'10:00 a 12:00' |636
637 |100 |100 |100 |100 |100 |100 |100 |100 |100 |100 |100 |100 |95 |1 |['2'] |'Confirmar que hay un gran avance en el medio universitario para adoptar el lenguaje inclusivo. Somos muchas y muchos los que redactamos de forma incluyente.' |Continuar con otros cursos de esta temática |['2'] |'Matutino' |'Incluir un sabatino' |637
638 |95 |95 |100 |95 |100 |95 |80 |80 |100 |100 |100 |100 |100 |1 |['2'] |'La gran experiencia de la Mtra. Rosa Elena Riaño y los excelentes materiales que nos dio.' |Ninguna |['3'] |'18:00 a 20:00' |'17:00 a 20:00' |638
639 |100 |100 |100 |100 |100 |100 |100 |100 |100 |100 |100 |100 |100 |1 |['1'] |'Todo' |Excelente |['2', '3'] |'Matutino' |'Matutino' |639
640 |100 |100 |100 |100 |100 |95 |95 |95 |100 |100 |100 |100 |100 |1 |['2'] |'Los ejercicios que realizamos en clase' |Ojalá que este curso tenga mucho más alcance al profesorado de la Facultad de Ingeniería |['2'] |'17:00 en adelante' ||640
641 |100 |100 |100 |100 |100 |95 |95 |100 |100 |100 |100 |95 |95 |1 |['2'] |'Los contenidos abordados y la gran experiencia de la instructora en este tema' |Muy buen curso |['1', '2', '3'] |'Matutino' |'Matutino' |641
642 |100 |100 |100 |100 |100 |95 |95 |95 |100 |100 |100 |100 |100 |1 |['2'] |'Todo el contenido' |ninguna |['2'] |||642
643 |100 |100 |100 |100 |100 |95 |80 |100 |100 |100 |100 |100 |100 |1 |['3'] |'La participación de los maestros que estuvieron en el curso' |que de más tiempo para la entrega del trabajo final |[] |'15:00 a 17:00' ||643
644 |100 |100 |100 |100 |100 |100 |100 |100 |100 |100 |100 |100 |100 |1 |['2'] |'Los conocimientos y conceptos impartidos por la instructora y las dinámicas desarrolladas durante el curso.' |Excelentes los materiales que nos compartieron y si hay mayores referencias les agradecería me las compartieran par seguirme actualizando en el tema. |['1'] |'16:00 horas en adelante.' ||644
645 |100 |100 |100 |100 |100 |100 |95 |100 |100 |100 |100 |100 |100 |1 |['2'] |'El trabajo final porque se pondrá en acción la teoría' |Felicitaciones a la Dra Riaño |['3'] |'martes y jueves' |'martes y jueves' |645
646 |100 |100 |100 |100 |100 |100 |95 |100 |100 |100 |100 |100 |100 |1 |['1', '2'] |'Conocer el trabajo que ya se está realizando en la facultad' |Todo muy bien |['2'] |'17:00 a 19:00' |'9:00 a 11:00' |646
647 |100 |100 |100 |100 |100 |100 |100 |100 |100 |100 |100 |100 |100 |1 |['3'] |'La participación interactiva de todos. Que todas las actividades se hicieron en el horario del curso estuvo muy bien planeado y organizado para eso.' ||['2', '3'] |'18:00 a 20:00' |'10:00 a 18:00' |647
648 |100 |100 |100 |100 |100 |95 |95 |95 |100 |100 |100 |100 |100 |1 |['2', '4'] |'La retroalimentación y experiencia de la Dra. Rosa Elena fueron de lo más acertado al igual que las aportaciones de mis compañeras y compañeros del curso-taller. GRACIAS!!!' |"Que el curso-taller tuviera más tiempo de 15 o 20 h.Ver la manera de que asistieran más profesores.Que el curso-taller lo  ofrecieran en la tarde para que el personal académico pueda asistir. " |['1', '2'] |'10:00 a 14:00' |'9:00 a 11:00' |648
651 |100 |100 |100 |100 |100 |95 |95 |95 |100 |95 |95 |95 |95 |1 |['2'] |'Todo' |Se imparta con más tiempo |['1', '2'] |'Vespertino' |'Vespertino' |651
653 |100 |100 |100 |100 |100 |100 |100 |100 |100 |100 |100 |100 |100 |1 |['1'] |'Todo el contenido los temas que se abordaron te llevan a una reflexión que va más allá de la práctica docente si no del desarrollo personal que tenemos como humanos y como nos relacionamos con los demás y que en ocasiones tenemos actitudes machistas en el lenguaje sin pensarlo porque estamos tan acostumbrados a lo masculino que no incluimos a las mujeres en nuestro lenguaje siendo yo una mujer que me considero feminista y nos hace recordar lo rico que es nuestro lenguaje.' |La verdad es que todo el desarrollo del curso me pareció perfecto y el aporte de la Doctora me lo llevaré para ponerlo en practica en todos los ámbitos de mi vida. |['1'] |||653
657 |100 |100 |100 |100 |100 |100 |95 |100 |100 |100 |100 |100 |100 |1 |['1'] |'La disposición apertura y respeto de quienes participamos para aprender sobre el tema.' |De pronto quedaron algunas preguntas sin respuestas en el classroom. sería bueno tener retroalimentación. |['2', '3'] |'10:00 a 14:00 h' |'10:00 a 14:00 h' |657
659 |95 |95 |100 |100 |100 |80 |95 |95 |95 |100 |100 |100 |100 |1 |['1'] |'Aprender que las formas y actitudes de violencia de género tienen nombre uno sabe que lastiman discriminan  excluyen  y son malas pero no sabíamos cómo llamarlas o cómo nombrarlas en una categoría.' |Difundir el curso a toda la comunidad UNAM  especialmente al funcionariado jefaturas de departamento y demás puestos de poder. |['2'] ||'11:00 h' |659
660 |100 |100 |100 |100 |95 |95 |95 |100 |100 |100 |100 |100 |100 |1 |['3'] |'Los temas tratados la exposición de los mismos el manejo de grupos la motivación generada para trabajar en equipo y para lograr la reciprocidad de saberes...' |Excelente organización y excelente instuctora ¡Muchas felicitaciones! |['2'] |'16:00 a 18:00 h.' |'16:00 a 18:00 h.' |660
661 |100 |100 |100 |100 |100 |100 |100 |100 |100 |100 |100 |100 |100 |1 |['1'] |'La relación que se dió entre todos los participantes gracias a la coordinación de la responsable del curso. También ideas proporcionadas por los participantes para la aplicación docentes' |Lo único tener más `pronto las presentaciones o materiales |['2'] |'Vespertino' |'Matutino' |661
664 |100 |100 |100 |100 |100 |100 |95 |100 |95 |95 |95 |95 |100 |1 |['1'] |'LOS TEMAS ABORDADOS' |SIN COMENTARIOS |['3'] |'Martes y jueves' |'10:00 a 14:00 h' |664
665 |100 |100 |100 |100 |100 |80 |95 |95 |100 |100 |100 |100 |100 |1 |['1'] |'El curso mismo pero con otros compañeros de la UNAM' |Ojalá pudieran tomarlo todos los docentes y trabajadores de la UNAM. |['1'] |'Matutino' ||665
666 |100 |100 |100 |100 |100 |100 |80 |95 |100 |100 |80 |100 |100 |1 |['4'] |'Conocer sobre la reglamentación en perspectiva de género además de conocer las características de la violencia de género y cuáles pueden ser las causas en las que se considere violencia de género además de la división sexual del trabajo' |Ampliar el tiempo del curso ya que 20 h es insuficiente para abordar con más profundidad los temas |['2'] |'Lunes de 10:00 a 14:00 h' |'10:00 a 14:00' |666
667 |100 |100 |100 |100 |100 |100 |100 |100 |100 |100 |100 |100 |100 |1 |['4'] |'La frescura jovialidad y talento de la ponente. Siempre con buen ánimo incluso al abordar las unidades temáticas de violencia de género' |Se nos solicitó un collage como tarea propondría que aunque sea de manera somera se hubiera podido ver el trabajo que realizamos y hacer comentarios. Siempre motiva la realimentación |['2'] |'Matutino' |'Ambos turnos' |667
668 |95 |95 |100 |95 |95 |95 |80 |80 |95 |100 |100 |100 |100 |1 |['2'] |'La gran cantidad de información que obtuve y que me servirá en mis actividades docentes.' |La maestra Diana Paulina es una excelente profesora y con una gran preparación sobre el tema abordado en el curso. |['1', '2'] |'Vespertino' |'Matutino' |668
669 |100 |100 |100 |100 |100 |100 |100 |100 |100 |100 |100 |100 |100 |1 |['1'] |'La discusión abierta y la forma en la que se abordaron los contenidos de manera clara y aterrizada.' |¿Sería posible usar estudios de caso de la universidad para aterrizar los contenidos y visibilizar las prácticas de violencia de género que hay dentro de la universidad? |['1', '2'] |||669
670 |100 |100 |100 |100 |100 |100 |95 |100 |100 |100 |100 |100 |100 |1 |['2'] |'Todo el contenido es interesante y expuesto de manera que podemos comprenderlo bien' |Deberían tomarlo toda la comunidad de la FI funcionarios académicos y trabajadores |['2'] |'Matutino' |'Matutino' |670
671 |100 |100 |100 |100 |100 |100 |100 |100 |100 |100 |95 |100 |100 |1 |['1', '2'] |'Los contenidos y la manera en que estaba organizado el curso hicieron que fuera excelente y enriquecedor.' |Mayor difusión entre la comunidad docente ya que me parece un curso sumamente relevante para mejorar nuestra labor como profesores. |['1', '2', '3'] |'9:00 a-20:00 h' |'9:00 a-20:00 h' |671
676 |100 |100 |100 |100 |100 |100 |100 |100 |100 |100 |100 |100 |100 |1 |['4'] |'Reconocer lo que puedo cambiar en mi práctica docente después del curso.' |Agradezco la apertura de este tipo de cursos el cual nos proporciona un espacio para debatir y aprender de las experiencias de los demás compañeros. |['2'] |'10:00 a 14:00 h' |'10:00 a 14:00 h' |676
677 |100 |100 |100 |100 |100 |95 |100 |100 |100 |100 |100 |100 |100 |1 |['4'] |'Los contenidos y la actitud y conocimiento de ellos por la docente' |Continuar con las actividades de capacitación |['2'] |'10:00 a 14:00 h' |'10:00 a 14:00 h' |677
678 |100 |95 |95 |100 |95 |80 |95 |95 |95 |95 |80 |95 |95 |1 |['1'] |'Conocer a más profesores interesados en la temática de Género' |Utilizar una plataforma interactiva más amigable |['1'] |||678
680 |100 |100 |100 |100 |100 |100 |100 |100 |100 |100 |100 |100 |100 |1 |['4'] |'Todo' |Ampliar el número de horas con el mismo contenido. |['1'] |'08:00 a 14:00 h' |'08:00 a 20:00 h' |680
681 |100 |100 |100 |100 |100 |80 |100 |100 |95 |100 |100 |100 |100 |1 |['3'] |'La actualidad de los temas vistos y la importancia de aplicarse en mi actividad docente' |Alugnos compañeros hacian comentarios fuera de lugar muy tardados que hacían perder el ritmo de la explicación |['2'] |'7:00 a 10:00 h' |'7:00 a 10:00 h' |681
683 |100 |100 |100 |100 |100 |95 |95 |95 |95 |100 |100 |100 |100 |1 |['2'] |'La interacción con los profesores y con Martha' |No hay |['3'] |'Vespertino' |'Vespertino' |683
684 |95 |95 |100 |95 |95 |60 |60 |80 |95 |100 |95 |95 |95 |1 |['2'] |'El aprender a realizar una investigación académica' |Una felicitación a la Mtra. Martha Rosa del Moral excelente curso. |['2', '3'] |'17:00 a 19:00' |'Matutino' |684
686 |100 |100 |100 |100 |100 |80 |95 |100 |100 |100 |100 |100 |100 |1 |['2'] |'Amabilidad y gran conocimiento' |Todo excelente |['1'] |'Matutino' |'Vespertino' |686
688 |100 |100 |100 |100 |100 |100 |95 |95 |100 |100 |100 |95 |100 |1 |['2'] |'a) la estructura de investigación propuesta b) la sinergia con el resto de profesores' |Ojala se abriera una extensión de este curso.. para artículos antologías memorias o algo con el mismo formato. |['1'] |'17:00 a 20:00' |'9:00 a 12:00 presencial o 16:00 19:00 en línea' |688
690 |100 |100 |100 |100 |100 |95 |95 |95 |95 |100 |100 |100 |100 |1 |['4'] |'Todo' |Gracias por este curso |['1'] |'Vespertino' |'Matutino' |690
692 |100 |100 |100 |100 |100 |95 |95 |95 |95 |100 |100 |95 |95 |1 |['1'] |'La interacción entre quienes participaron' |Las lecturas deberían ser consistentes. Cuando abordan el mismo tema algunas no coincidían del todo en las interpretaciones. También me gustaría que las lecturas estuviesen más próximas a casos ligados con la ingeniería y su proceso enseñanza-aprendizaje: por ahora son más próximas a cuestiones sociológicas |[] |'Preferiría que la actividad fuera intersemestral' |'En horarios que no interfiriesen con otras actividades' |692
693 |100 |100 |100 |100 |100 |95 |95 |95 |95 |95 |95 |95 |95 |1 |['1'] |'La participación de asistentes y materiales comparidos por la instructora' ||['1'] |'Vespertino' |'Vespertino' |693
695 |100 |100 |100 |100 |100 |95 |100 |100 |100 |100 |100 |100 |100 |1 |['2'] |'La disponibilidad amabilidad y conocimiento de la ponente' |Es un excelente curso |['1'] |'17:00 a 19:00' |'09:00 a 11:00' |695
696 |100 |100 |100 |100 |100 |95 |80 |100 |95 |100 |100 |100 |100 |1 |['2'] |'Las aportaciones de la expositora y de los participantes.' |Gracias por el apoyo. |['1'] |'Vespertino' |'Matutino' |696
697 |100 |100 |100 |100 |100 |95 |95 |100 |100 |100 |100 |100 |100 |1 |['4'] |'En general todo me gusto la presentación de los trabajos y escuchar las contribuciones de los asisstentes.' |Todo bien |[] |'Presencial de 12:00 a 14:00 En línea de 17:00 a 19:00' |'Presencial de 12:00 a 14:00 En línea de 17:00 a 19:00' |697
698 |100 |100 |100 |100 |100 |95 |100 |100 |95 |100 |100 |100 |100 |1 |['2'] |'Que se puede aplicar a las actividades docentes' |Ninguna |['3'] |'17:00 a 19:00' |'Cualquier hora' |698
699 |100 |100 |100 |100 |100 |100 |100 |100 |100 |100 |100 |100 |100 |1 |['1'] |'Como siempre escuchar la experiencia de los demás profesores' ||['3'] |'17:00 a 20:00' |'8:00-12:00' |699
700 |100 |95 |100 |100 |100 |60 |60 |95 |95 |100 |100 |100 |100 |1 |['1', '2'] |'Todas las recomendaciones puntuales en cada proyecto.' |Ninguna |['2'] |'12:00 a 14:00 o de 17:00 a 19:00' |'12:00 a 14:00 o de 17:00 a 19:00' |700
701 |100 |100 |100 |100 |100 |100 |80 |95 |100 |100 |100 |100 |100 |1 |['1'] |'Todo' ||['3'] |'8 a.m. en adelante' |'Todo el día laborla' |701
704 |100 |100 |100 |100 |100 |95 |95 |95 |95 |100 |100 |100 |100 |1 |['1'] |'La participación grupal' |Felicitar a la expositora |['2'] |'Vespertino' |'Vespertino' |704
705 |100 |100 |100 |100 |100 |100 |100 |100 |100 |100 |100 |100 |100 |1 |['1'] |'El intercambio entre todos los participantes.' |Ninguna |['2'] |'sí' |'sí' |705
706 |100 |100 |95 |95 |100 |95 |95 |100 |100 |100 |100 |95 |95 |1 |['1'] |'EL CONTENIDO Y COMENTARIOS DE TODOS LOS ASISTENTES' |NINGUNA |['1'] |'17:00 a 19:00' |'16:00 a 20:00' |706
707 |100 |100 |100 |100 |100 |95 |95 |100 |100 |100 |100 |100 |100 |1 |['2'] |'Todo de verdad aveces no nos dos cuenta de las actividades que los docentes realizamos de manera natural cotidiana no nos dos cuenta de el entorno tan importante para la sociedad en la que nuestras actividades dejan huella me imagino si un pez se da cuenta que vive en el mar así nosotros los profesores vivos y trabajamos dentro de una comunidad de aprendizaje y no nos damos cuenta.' |Todo excelente |['1', '2', '3'] |'17:00 a 19:00' |'Si intersemestre' |707
709 |100 |100 |100 |100 |100 |95 |95 |100 |100 |100 |100 |100 |100 |1 |['1'] |'LA PARTICIPACION DE TODOS' |Repetir este seminario |['1'] |'Vespertino' |'En el intersemestre' |709
710 |100 |100 |100 |100 |95 |100 |80 |95 |95 |100 |100 |95 |100 |1 |['4'] |'Escuchar las experiencias de los otros profesores.' |Sigan así |[] |'17:00 a 19:00 Lun, mier y vier' |'No' |710
711 |100 |100 |100 |100 |95 |100 |95 |100 |95 |100 |100 |100 |95 |1 |['2'] |'El compartir experiencias de los asistentes con la conducción de la Dra. Martha Rosa del Moral.' |De momento ninguna. |['1', '2'] |'17:00 en adelante' |'En cualquier horario' |711
712 |95 |100 |100 |95 |100 |100 |80 |95 |95 |100 |100 |100 |95 |1 |['2'] |'Los temas tratados y las ideas que surgieron' |Ninguna |['1'] |'Matutino  Lun, mier y vier' |'Matutino' |712
713 |95 |100 |100 |95 |100 |95 |95 |95 |95 |95 |100 |95 |95 |1 |['2'] |'El contacto con colegas y el intercambio de experiencias' |Sugeriría que los seminarios fuesen en línea |[] |'Preferiría que fuesen intersemestrales' |'Vespertino' |713
714 |100 |100 |100 |100 |100 |100 |95 |100 |100 |100 |100 |95 |95 |1 |['4'] |'Todo me agradó' |Muy bien todo |[] |'Matutino' |'Matutino' |714
715 |100 |100 |100 |100 |100 |100 |100 |100 |100 |100 |100 |100 |100 |1 |['2'] |'Compartir experiencias con los compañeros asistentes' ||['2'] |'Vespertino' |'Vespertino' |715
716 |100 |100 |100 |100 |100 |100 |95 |95 |100 |100 |100 |100 |100 |1 |['2'] |'Todo' |No |['1', '3'] |'10:00 en adelante' |'Todo el día' |716
717 |100 |100 |100 |100 |100 |95 |95 |95 |95 |100 |100 |100 |100 |1 |['2'] |'TODA LA PLANEACIÓN.' |REPETIRLO PARA MÁS PROFESORES |['1'] |'EN EL TIEMPO DEL SEMESTRE' |'NO' |717
718 |100 |100 |100 |100 |100 |100 |95 |95 |95 |100 |100 |95 |95 |1 |['2'] |'Toda la intervención de los compañeros y la guías' |Excelente exposición y debates y opiniones |['3'] |'17:00 a 19:00' |'17:00 a 19:00' |718
719 |100 |100 |100 |100 |100 |80 |80 |80 |95 |100 |100 |100 |100 |1 |['1'] |'TODO' |Felicitar a la ponente |['2'] |'Vespertino' |'Vespertino' |719
723 |80 |80 |80 |80 |80 |80 |80 |80 |80 |80 |80 |80 |80 |0 |['1'] |'Documentos con técnicas para trabajo en grupo' |Aplicar en las sesiones las sugerencias explicadas para trabajo en grupo |['1', '2'] |'Matutino' |'Matutino' |723
724 |100 |100 |100 |100 |100 |95 |95 |100 |100 |100 |100 |100 |100 |1 |['1'] |'Aprender a trabajar en grupo' |Necesitamos más de estos cursos. |['1', '2'] ||'Cualquiera' |724
725 |100 |100 |100 |100 |100 |100 |100 |100 |100 |100 |100 |100 |100 |1 |['2'] |'La interacción grupal' |Ampliar las horas de curso |['1'] |'Vespertino' |'Cualquiera' |725
726 |100 |100 |100 |100 |100 |95 |95 |100 |95 |100 |100 |100 |100 |1 |['1'] |'Que aprendí nuevas estrategias grupales.' |Que nos inviten al próximo curso de la maestra. |['1'] |'16:00 a 18:00, 17:00 a 19:00' |'Vespertino' |726
730 |100 |100 |100 |95 |100 |100 |95 |95 |100 |100 |100 |100 |100 |1 |['1'] |'La integración en equipo con los profesores de diferente área y diferentes carreras' |El curso es muy bueno me hubiese gustado tener mas sesiones para abordar específicamente todas las técnicas |['1'] ||'Matutino' |730
731 |100 |100 |100 |100 |100 |60 |60 |60 |60 |100 |100 |95 |100 |1 |['2'] |||['1', '3'] |'18:00 a 20:00' |'10:00 a 13:00' |731
735 |100 |100 |100 |100 |100 |100 |95 |95 |95 |100 |100 |100 |100 |1 |['1'] |'El trabajo en equipo para la realización del trabajo final' |Sin comentarios |['1', '2'] |'Matutino' ||735
736 |100 |100 |100 |100 |100 |100 |100 |100 |100 |100 |100 |100 |100 |1 |['1'] |'La participación del grupo' |Excelente curso |['1'] |'13:00 a 15:00' |'10:00 a 13:00' |736
737 |100 |100 |100 |100 |100 |95 |95 |95 |95 |100 |100 |100 |100 |1 |['2'] |'La preparación de la profesora' |Ninguna |['1', '3'] |'18:00 a 20:00' |'08:00 a 10:00' |737
738 |100 |100 |100 |100 |100 |100 |100 |100 |100 |100 |100 |100 |100 |1 |['1'] |'Todo lo expuesto por la instructora' |Todo estuvo bien |[] |'Matutino' |'Matutino' |738
739 |100 |100 |100 |100 |100 |100 |100 |100 |100 |100 |100 |100 |100 |1 |['1'] |'La información y los conocimientos' |Ninguna |['1'] |'09:00 a13:00' |'09:00 a13:00' |739
741 |100 |100 |100 |100 |100 |100 |100 |100 |100 |100 |100 |100 |100 |1 |['1', '2'] |'Trabajar en equipo con los profesores' |Todo muy bien |['1', '2'] |||741
744 |95 |95 |95 |95 |95 |100 |95 |100 |95 |95 |95 |95 |95 |1 |['2'] |'Las técnicas grupales de participación.' |Ampliar la clase con ejemplos prácticos paso a paso en cada estrategia |['3'] |'Vespertino' |'Matutino' |744
746 |100 |100 |100 |100 |100 |100 |100 |100 |100 |100 |100 |100 |100 |1 |[] |'Todo' |Todo muy bien |['1', '2', '3'] |'Matutino' |'Cualquiera' |746
748 |100 |100 |100 |100 |100 |100 |100 |100 |100 |100 |100 |100 |100 |1 |['1'] |'La actitud de la profesora curso en línea' |Muy buena dinámica agradezco que el curso sea en línea |['1', '3'] ||'Cualquiera' |748
750 |100 |100 |100 |100 |100 |100 |100 |100 |100 |100 |100 |100 |100 |1 |['1'] |'El entusiasmo con que nos enseñó la ponente se le entiende muy bien y es muy animada.' |Que imparta más cursos de estos temas. |['1', '2', '3'] |'19:00 a 21:00' |'17:00 a 20:00' |750
751 |100 |100 |100 |100 |100 |100 |100 |100 |100 |100 |100 |100 |100 |1 |[] |'Que fuera en línea ya que de lo contrario no habría podido asistir a las sesiones sincrónicas; así mismo la manera tan clara y precisa que la Mtra. Angélica explicaba cada una de las herramientas' |Ninguna |['1'] |'10:00 a 12:00; 18:00 a 20:00; en línea' |'10:00 a 12:00; 18:00 a 20:00; en línea' |751
752 |100 |95 |100 |100 |100 |100 |95 |100 |100 |100 |95 |100 |95 |1 |[] |'La buena disposición de la instructora' |Más herramientas. |['1'] |'En línea' |'En línea' |752
755 |100 |100 |100 |100 |100 |100 |100 |100 |100 |100 |100 |100 |100 |1 |['1'] |'Los ejemplos y la calidad de la profesora.' |En general el curso estuvo muy bien llevado. |['1', '3'] |'Vi' |'Cualquiera' |755
757 |100 |100 |100 |100 |100 |95 |100 |100 |100 |95 |95 |95 |95 |1 |[] |'La participación conjunta de todos y cada uno de los integrantes' |Considerando que se regresara a presencial en Agosto en toda la UNAM informarnos a los correos personales de la impartición de los cursos. No solo en paginas de Facebook. |['2'] |'18:00 a 20:00' |'Cualquiera' |757
761 |100 |100 |100 |100 |100 |60 |80 |95 |95 |100 |100 |100 |95 |1 |[] |'La paciente guía de la Maestra Silva.' |Que se repita el curso. |['3'] ||'Cualquiera' |761
762 |100 |100 |100 |100 |100 |95 |80 |95 |95 |95 |95 |95 |95 |1 |['2'] |'El contenido del curso.' |Recomendaría que sigan impartiendo este tipo de cursos para mejorar nuestra práctica docente. |['3'] |'16:00 a 20:00' |'16:00 a 20:00' |762
765 |100 |95 |100 |100 |100 |95 |95 |95 |100 |100 |95 |100 |95 |1 |['2'] |'La actitud y disposición de la maestra' |Sugiero incorporar otras herramientas pero el curso es en general muy bueno para principiantes |['1', '2', '3'] |'18:00 a 20:00' |'07:00 a 09:00' |765
767 |95 |95 |95 |100 |100 |60 |60 |80 |80 |100 |100 |100 |100 |1 |['1'] |'La grabación de las clases para repasar su contenido' |Que sigan teniendo actividades a distancia |['1', '2'] ||'Cualquiera' |767
769 |100 |100 |100 |100 |100 |80 |80 |95 |95 |100 |100 |100 |100 ||['4'] |'La instructora las herramientas y los contenidos' |Me gustó mucho gracias |['1'] |'15:00 a 18:00' |'15:00 a 18:00' |769
772 |100 |100 |100 |100 |100 |100 |95 |100 |100 |100 |100 |100 |100 |1 |['2'] |'La elaboración de videos páginas web y utilizar otros recursos para las clases' |Un excelente curso gracias profesora |['2'] |'17:00 a 19:00' |'11:00 a 14:00' |772