1|False|False|False|False|False|False|0|0|||False|1|63|
2|False|False|False|False|False|False|0|0|||False|1|156|
3|False|False|False|False|False|False|0|0|||False|1|258|
4|False|False|False|False|False|False|0|0|||False|1|493|
5|False|False|False|False|False|False|0|0|||False|1|822|
6|False|False|False|False|False|False|0|0|||False|1|986|
7|False|False|False|False|False|False|0|0|||False|1|1136|
8|False|False|False|False|False|False|0|0|||False|1|1318|
9|False|False|False|False|False|False|0|0|||False|1|1405|
10|False|False|False|False|False|False|0|0|||False|1|1627|
11|False|False|False|False|False|False|0|0|||False|1|2051|
12|False|False|False|False|False|False|0|0|||False|1|2251|
13|False|False|False|False|False|False|0|0|||False|1|2315|
14|False|False|False|False|False|False|0|0|||False|1|2907|
15|False|False|False|False|False|False|0|0|||False|1|3891|
16|False|False|False|False|False|False|0|0|||False|1|3905|
17|False|False|False|False|False|False|0|0|||False|1|4186|
18|False|False|False|False|False|False|0|0|||False|1|4385|
19|False|False|False|False|False|False|0|0|||False|1|4427|
20|False|False|False|False|False|False|0|0|||False|1|4497|
21|True|True|False|False|False|False|0|0||8|True|2|140|F042022T266C0013
22|True|True|False|False|False|False|0|0||10|True|2|212|F042022T266C0013
23|True|True|False|False|False|False|0|0||10|True|2|494|F042022T266C0013
24|True|True|False|False|False|False|0|0||10|True|2|884|F042022T266C0013
25|False|False|False|False|False|False|0|0|||False|2|1013|F042022T266C0013
26|False|False|False|False|False|False|0|0|||False|2|1136|F042022T266C0013
27|True|True|False|False|False|False|0|0||10|True|2|1870|F042022T266C0013
28|True|True|False|False|False|False|0|0||10|True|2|2051|F042022T266C0013
29|True|True|False|False|False|False|0|0||10|True|2|2316|F042022T266C0013
30|True|True|False|False|False|False|0|0||10|True|2|2884|F042022T266C0013
31|False|False|False|False|False|False|0|0|||False|2|3108|F042022T266C0013
32|False|True|False|False|False|False|0|0|||True|2|3248|F042022T266C0013
33|True|True|False|False|False|False|0|0||10|True|2|3275|F042022T266C0013
34|True|True|False|False|False|False|0|0||8|True|2|3288|F042022T266C0013
35|False|False|False|False|False|False|0|0|||False|2|3324|F042022T266C0013
36|True|True|False|False|False|False|0|0||9|True|2|3914|F042022T266C0013
37|True|True|False|False|False|False|0|0||10|True|2|4385|F042022T266C0013
38|False|False|False|False|False|False|0|0|||False|2|5007|F042022T266C0013
39|True|True|False|False|False|False|0|0||10|True|2|5506|F042022T266C0013
40|True|True|False|False|False|False|0|0||9|True|3|60|F042022T268C0015
41|True|True|False|False|False|False|0|0||9|True|3|245|F042022T268C0015
42|True|True|False|False|False|False|0|0||9|True|3|941|F042022T268C0015
43|True|True|False|False|False|False|0|0||10|True|3|1528|F042022T268C0015
44|True|True|False|False|False|False|0|0||9|True|3|1727|F042022T268C0015
45|True|True|False|False|False|False|0|0||10|True|3|1763|F042022T268C0015
46|True|True|False|False|False|False|0|0||9|True|3|1813|F042022T268C0015
47|False|True|False|False|False|False|0|0||7|True|3|1917|F042022T268C0015
48|True|True|False|False|False|False|0|0||8|True|3|2029|F042022T268C0015
49|True|True|False|False|False|False|0|0||9|True|3|2540|F042022T268C0015
50|False|True|False|False|False|False|0|0||7|True|3|2681|F042022T268C0015
51|True|True|False|False|False|False|0|0||8|True|3|3275|F042022T268C0015
52|True|True|False|False|False|False|0|0||9|True|3|3369|F042022T268C0015
53|True|True|False|False|False|False|0|0||9|True|3|3439|F042022T268C0015
54|True|True|False|False|False|False|0|0||10|True|3|3891|F042022T268C0015
55|False|False|False|False|True|False|0|0|||False|3|4126|F042022T268C0015
56|True|True|False|False|False|False|0|0||9|True|3|4385|F042022T268C0015
57|True|True|False|False|False|False|0|0||8|True|3|4990|F042022T268C0015
58|False|False|False|False|True|False|0|0|||False|3|5025|F042022T268C0015
59|True|True|False|False|False|False|0|0||10|True|4|61|F042022T270C0021
60|True|True|False|False|False|False|0|0||10|True|4|406|F042022T270C0021
61|True|True|False|False|False|False|0|0||9|True|4|1645|F042022T270C0021
62|False|False|False|False|False|False|0|0|||False|4|1841|F042022T270C0021
63|True|True|False|False|False|False|0|0||10|False|4|1847|F042022T270C0021
64|True|True|False|False|False|False|0|0||8|False|4|1855|F042022T270C0021
65|True|True|False|False|False|False|0|0||10|True|4|2009|F042022T270C0021
66|True|True|False|False|False|False|0|0||9|True|4|2020|F042022T270C0021
67|True|True|False|False|False|False|0|0||10|True|4|2051|F042022T270C0021
68|True|True|False|False|False|False|0|0||10|True|4|2256|F042022T270C0021
69|True|True|False|False|False|False|0|0||9|True|4|2586|F042022T270C0021
70|True|True|False|False|False|False|0|0||9|True|4|2786|F042022T270C0021
71|False|False|False|False|False|False|0|0|||False|4|3283|F042022T270C0021
72|True|True|False|False|False|False|0|0||10|True|4|3308|F042022T270C0021
73|False|False|False|False|False|False|0|0|||False|4|3607|F042022T270C0021
74|True|True|False|False|False|False|0|0||9|True|4|3737|F042022T270C0021
75|True|True|False|False|False|False|0|0||10|True|4|3887|F042022T270C0021
76|True|True|False|False|False|False|0|0||10|False|4|4186|F042022T270C0021
77|True|True|False|False|False|False|0|0||10|False|4|4196|F042022T270C0021
78|True|True|False|False|False|False|0|0||10|True|4|4497|F042022T270C0021
79|True|True|False|False|False|False|0|0||10|True|4|4566|F042022T270C0021
80|True|True|False|False|False|False|0|0||10|False|4|4621|F042022T270C0021
81|False|False|False|False|False|False|0|0|||False|4|5093|F042022T270C0021
82|True|True|False|False|False|False|0|0||9|True|4|5225|F042022T270C0021
83|True|True|False|False|False|False|0|0||10|True|4|5416|F042022T270C0021
84|True|True|False|False|False|False|0|0||10|False|5|169|F042022S271C0021
85|True|True|False|False|False|False|0|0||8|True|5|212|F042022S271C0021
86|True|True|False|False|False|False|0|0||10|False|5|215|F042022S271C0021
87|True|True|False|False|False|False|0|0||10|True|5|1094|F042022S271C0021
88|True|True|False|False|False|False|0|0||8|True|5|1564|F042022S271C0021
89|True|True|False|False|False|False|0|0||10|True|5|1928|F042022S271C0021
90|True|True|False|False|False|False|0|0||10|True|5|2020|F042022S271C0021
91|True|True|False|False|False|False|0|0||10|True|5|2391|F042022S271C0021
92|True|True|False|False|False|False|0|0||10|True|5|2540|F042022S271C0021
93|True|True|False|False|False|False|0|0||10|True|5|2864|F042022S271C0021
94|True|True|False|False|False|False|0|0||10|True|5|2895|F042022S271C0021
95|False|False|False|False|False|False|0|0|||False|5|3059|F042022S271C0021
96|True|True|False|False|False|False|0|0||10|True|5|3280|F042022S271C0021
97|True|True|False|False|False|False|0|0||10|True|5|3471|F042022S271C0021
98|True|True|False|False|False|False|0|0||10|True|5|3584|F042022S271C0021
99|True|True|False|False|False|False|0|0||10|False|5|3596|F042022S271C0021
100|True|True|False|False|False|False|0|0||10|True|5|3926|F042022S271C0021
101|True|True|False|False|False|False|0|0||10|True|5|4267|F042022S271C0021
102|False|False|False|False|False|False|0|0|||False|5|4355|F042022S271C0021
103|False|False|False|False|False|False|0|0|||False|5|4457|F042022S271C0021
104|True|True|False|False|False|False|0|0||10|True|5|4621|F042022S271C0021
105|True|True|False|False|False|False|0|0||10|True|5|5061|F042022S271C0021
106|True|True|False|False|False|False|0|0||10|True|5|5100|F042022S271C0021
107|True|True|False|False|False|False|0|0||10|True|5|5411|F042022S271C0021
108|True|True|False|False|False|False|0|0||10|True|6|258|F042022S267C0026
109|True|True|False|False|False|False|0|0||10|True|6|406|F042022S267C0026
110|True|True|False|False|False|False|0|0||10|True|6|476|F042022S267C0026
111|True|True|False|False|False|False|0|0||10|True|6|539|F042022S267C0026
112|True|True|False|False|False|False|0|0||10|True|6|746|F042022S267C0026
113|True|True|False|False|False|False|0|0||10|True|6|1370|F042022S267C0026
114|True|True|False|False|False|False|0|0||10|True|6|1513|F042022S267C0026
115|True|True|False|False|False|False|0|0||10|True|6|1763|F042022S267C0026
116|True|True|False|False|False|False|0|0||10|True|6|1898|F042022S267C0026
117|True|True|False|False|False|False|0|0||10|True|6|2005|F042022S267C0026
118|True|True|False|False|False|False|0|0||10|True|6|2149|F042022S267C0026
119|True|True|False|False|False|False|0|0||10|True|6|2582|F042022S267C0026
120|True|True|False|False|False|False|0|0||10|True|6|2583|F042022S267C0026
121|True|True|False|False|False|False|0|0||10|True|6|3082|F042022S267C0026
122|True|True|False|False|False|False|0|0||10|True|6|3215|F042022S267C0026
123|True|True|False|False|False|False|0|0||10|True|6|3497|F042022S267C0026
124|True|True|False|False|False|False|0|0||10|True|6|3514|F042022S267C0026
125|True|True|False|False|False|False|0|0||10|True|6|3523|F042022S267C0026
126|True|True|False|False|False|False|0|0||10|True|6|3804|F042022S267C0026
127|True|True|False|False|False|False|0|0||10|True|6|3887|F042022S267C0026
128|True|True|False|False|False|False|0|0||10|True|6|3905|F042022S267C0026
129|True|True|False|False|False|False|0|0||10|True|6|3992|F042022S267C0026
130|True|True|False|False|False|False|0|0||10|True|6|4044|F042022S267C0026
131|True|True|False|False|False|False|0|0||10|True|6|4497|F042022S267C0026
132|True|True|False|False|False|False|0|0||10|False|6|4621|F042022S267C0026
133|True|True|False|False|False|False|0|0||10|True|6|5507|F042022S267C0026
134|False|False|False|False|False|False|0|0|||False|7|19|
135|False|False|False|False|False|False|0|0|||False|7|61|
136|False|False|False|False|False|False|0|0|||False|7|447|
137|False|False|False|False|False|False|0|0|||False|7|494|
138|False|False|False|False|False|False|0|0|||False|7|504|
139|False|False|False|False|False|False|0|0|||False|7|607|
140|False|False|False|False|False|False|0|0|||False|7|699|
141|False|False|False|False|False|False|0|0|||False|7|978|
142|False|False|False|False|False|False|0|0|||False|7|985|
143|False|False|False|False|False|False|0|0|||False|7|1712|
144|False|False|False|False|False|False|0|0|||False|7|1841|
145|False|False|False|False|False|False|0|0|||False|7|1920|
146|False|False|False|False|False|False|0|0|||False|7|2887|
147|False|False|False|False|False|False|0|0|||False|7|2907|
148|False|False|False|False|False|False|0|0|||False|7|3042|
149|False|False|False|False|True|False|0|0|||False|7|3081|
150|False|False|False|False|False|False|0|0|||False|7|4355|
151|False|False|False|False|False|False|0|0|||False|7|4677|
152|False|False|False|False|False|False|0|0|||False|7|4986|
153|False|False|False|False|False|False|0|0|||False|7|5199|
154|False|False|False|False|False|False|0|0|||False|7|5288|
155|True|True|False|False|False|False|0|0||10|True|8|268|F042022T269C0012
156|False|False|False|False|False|False|0|0|||True|8|538|F042022T269C0012
157|False|False|False|False|False|False|0|0|||False|8|933|F042022T269C0012
158|True|True|False|False|False|False|0|0||10|True|8|934|F042022T269C0012
159|True|True|False|False|False|False|0|0||10|True|8|1405|F042022T269C0012
160|False|False|False|False|True|False|0|0|||False|8|1513|F042022T269C0012
161|True|True|False|False|False|False|0|0||10|True|8|1778|F042022T269C0012
162|True|True|False|False|False|False|0|0||10|True|8|1830|F042022T269C0012
163|False|False|False|False|False|False|0|0|||False|8|1847|F042022T269C0012
164|True|True|False|False|False|False|0|0||10|True|8|1917|F042022T269C0012
165|True|True|False|False|False|False|0|0||10|True|8|2171|F042022T269C0012
166|False|False|False|False|False|False|0|0|||False|8|2565|F042022T269C0012
167|True|True|False|False|False|False|0|0||10|True|8|3168|F042022T269C0012
168|True|True|False|False|False|False|0|0||10|True|8|3369|F042022T269C0012
169|True|True|False|False|False|False|0|0||10|True|8|4044|F042022T269C0012
170|True|True|False|False|False|False|0|0||10|True|8|4446|F042022T269C0012
171|True|True|False|False|False|False|0|0||10|True|8|4861|F042022T269C0012
172|True|True|False|False|False|False|0|0||10|False|9|21|F042021T272C0020
173|True|True|False|False|False|False|0|0||10|False|9|22|F042021T272C0020
174|True|True|False|False|False|False|0|0||10|False|9|23|F042021T272C0020
175|True|True|False|False|False|False|0|0||10|False|9|24|F042021T272C0020
176|True|True|False|False|False|False|0|0||10|False|9|25|F042021T272C0020
177|True|True|False|False|False|False|0|0||10|False|9|26|F042021T272C0020
178|False|False|False|False|False|False|0|0|||False|9|27|F042021T272C0020
179|True|True|False|False|False|False|0|0||10|False|9|28|F042021T272C0020
180|True|True|False|False|False|False|0|0||10|False|9|29|F042021T272C0020
181|False|False|False|False|False|False|0|0|||False|9|30|F042021T272C0020
182|False|False|False|False|False|False|0|0|||False|9|31|F042021T272C0020
183|False|False|False|False|False|False|0|0|||False|9|32|F042021T272C0020
184|True|True|False|False|False|False|0|0||10|False|9|33|F042021T272C0020
185|False|False|False|False|False|False|0|0|||False|9|34|F042021T272C0020
186|True|True|False|False|False|False|0|0||10|False|9|35|F042021T272C0020
187|True|True|False|False|False|False|0|0||10|False|9|36|F042021T272C0020
188|True|True|False|False|False|False|0|0||10|False|9|37|F042021T272C0020
189|True|True|False|False|False|False|0|0||10|False|9|38|F042021T272C0020
191|True|True|False|False|False|False|0|0||10|False|9|40|F042021T272C0020
192|False|False|False|False|False|False|0|0|||False|9|41|F042021T272C0020
193|True|True|False|False|False|False|0|0||10|False|9|42|F042021T272C0020
194|False|False|False|False|False|False|0|0|||False|9|43|F042021T272C0020
195|False|False|False|False|False|False|0|0|||False|9|44|F042021T272C0020
196|True|True|False|False|False|False|0|0||10|False|9|45|F042021T272C0020
197|True|True|False|False|False|False|0|0||10|False|9|46|F042021T272C0020
198|True|True|False|False|False|False|0|0||10|False|9|47|F042021T272C0020
199|True|True|False|False|False|False|0|0||10|False|9|48|F042021T272C0020
200|True|True|False|False|False|False|0|0||9|True|10|105|F042021T259C0017
201|True|True|False|False|False|False|0|0||10|False|10|140|F042021T259C0017
202|False|False|False|False|True|False|0|0|||False|10|212|F042021T259C0017
203|False|False|False|False|False|False|0|0|'np'||False|10|480|F042021T259C0017
204|True|True|False|False|False|False|0|0||10|True|10|746|F042021T259C0017
205|True|True|False|False|False|False|0|0||10|True|10|855|F042021T259C0017
206|True|True|False|False|False|False|0|0||10|True|10|986|F042021T259C0017
207|False|True|False|False|False|False|0|0|||True|10|1073|F042021T259C0017
208|True|True|False|False|False|False|0|0||10|True|10|1163|F042021T259C0017
209|True|True|False|False|False|False|0|0||7|True|10|1208|F042021T259C0017
210|False|True|False|False|False|False|0|0|||True|10|1492|F042021T259C0017
211|True|True|False|False|False|False|0|0||8|True|10|1982|F042021T259C0017
212|True|True|False|False|False|False|0|0||10|True|10|2158|F042021T259C0017
213|False|False|False|False|False|False|0|0|'np'||False|10|2277|F042021T259C0017
214|False|False|False|False|True|False|0|0|||False|10|2295|F042021T259C0017
215|True|True|False|False|False|False|0|0||9|True|10|2430|F042021T259C0017
216|True|True|False|False|False|False|0|0||10|True|10|2895|F042021T259C0017
217|True|True|False|False|False|False|0|0||6|True|10|2907|F042021T259C0017
218|False|False|False|False|True|False|0|0|||False|10|3009|F042021T259C0017
219|True|True|False|False|False|False|0|0||10|True|10|3042|F042021T259C0017
220|True|True|False|False|False|False|0|0||10|True|10|3884|F042021T259C0017
221|True|True|False|False|False|False|0|0||10|True|10|4589|F042021T259C0017
222|False|False|False|False|False|False|0|0|'2 asistencias'||False|10|5093|F042021T259C0017
223|False|True|False|False|False|False|0|0|'5 asistencias'||False|10|5232|F042021T259C0017
224|True|True|False|False|False|False|0|0||9|True|10|5391|F042021T259C0017
225|True|True|False|False|False|False|0|0||10|True|10|5451|F042021T259C0017
226|False|False|False|False|False|False|0|0|'2 asistencias'||False|10|5464|F042021T259C0017
227|False|False|False|False|False|False|0|0|||False|11|19|F042021T263C0012
228|True|True|False|False|False|False|0|0||10|True|11|493|F042021T263C0012
229|False|False|False|False|True|False|0|0|||False|11|796|F042021T263C0012
230|False|False|False|False|True|False|0|0|||False|11|934|F042021T263C0012
231|False|False|False|False|False|False|0|0|||False|11|1208|F042021T263C0012
232|True|True|False|False|False|False|0|0||9|True|11|1344|F042021T263C0012
233|True|True|False|False|False|False|0|0||10|True|11|1423|F042021T263C0012
234|True|True|False|False|False|False|0|0||10|True|11|1634|F042021T263C0012
235|True|True|False|False|False|False|0|0||10|True|11|1717|F042021T263C0012
236|True|True|False|False|False|False|0|0||10|True|11|2004|F042021T263C0012
237|True|True|False|False|False|False|0|0||8|True|11|2113|F042021T263C0012
238|True|True|False|False|False|False|0|0||8|True|11|2524|F042021T263C0012
239|False|False|False|False|False|False|0|0|||False|11|2808|F042021T263C0012
240|True|True|False|False|False|False|0|0||9|True|11|2823|F042021T263C0012
241|True|True|False|False|False|False|0|0||10|True|11|3845|F042021T263C0012
242|True|True|False|False|False|False|0|0||9|True|11|4165|F042021T263C0012
243|False|False|False|False|False|False|0|0|||False|11|5014|F042021T263C0012
244|False|False|False|False|False|False|0|0|||False|11|5215|F042021T263C0012
245|False|False|False|False|True|False|0|0|||False|11|5220|F042021T263C0012
246|True|True|False|False|False|False|0|0||8|True|11|5374|F042021T263C0012
247|True|True|False|False|False|False|0|0||10|True|12|612|F042021T257C0018
248|True|True|False|False|False|False|0|0||10|True|12|626|F042021T257C0018
249|True|True|False|False|False|False|0|0||10|True|12|1231|F042021T257C0018
250|False|True|False|False|False|False|0|0|||True|12|1376|F042021T257C0018
251|True|True|False|False|False|False|0|0||10|True|12|1461|F042021T257C0018
252|True|True|False|False|False|False|0|0||9|True|12|1700|F042021T257C0018
253|True|True|False|False|False|False|0|0||10|True|12|1861|F042021T257C0018
254|True|True|False|False|False|False|0|0||10|True|12|1930|F042021T257C0018
255|True|True|False|False|False|False|0|0||10|True|12|2029|F042021T257C0018
256|True|True|False|False|False|False|0|0||9|True|12|2381|F042021T257C0018
257|False|True|False|False|False|False|0|0|||True|12|2575|F042021T257C0018
258|True|True|False|False|False|False|0|0||10|True|12|2615|F042021T257C0018
259|False|False|False|False|False|False|0|0|||False|12|3226|F042021T257C0018
260|True|True|False|False|False|False|0|0||10|True|12|3235|F042021T257C0018
261|True|True|False|False|False|False|0|0||10|True|12|3297|F042021T257C0018
262|True|True|False|False|False|False|0|0||10|True|12|3426|F042021T257C0018
263|True|True|False|False|False|False|0|0||10|True|12|3467|F042021T257C0018
264|True|True|False|False|False|False|0|0||10|True|12|4126|F042021T257C0018
265|True|True|False|False|False|False|0|0||10|True|12|4506|F042021T257C0018
266|True|True|False|False|False|False|0|0||10|True|12|4914|F042021T257C0018
267|True|True|False|False|False|False|0|0||10|True|12|5364|F042021T257C0018
268|True|True|False|False|False|False|0|0||9|True|13|124|F042021T258C0018
269|True|True|False|False|False|False|0|0||10|True|13|476|F042021T258C0018
270|False|False|False|False|False|False|0|0|||False|13|580|F042021T258C0018
271|False|False|False|False|False|False|0|0|||False|13|816|F042021T258C0018
272|True|True|False|False|False|False|0|0||10|True|13|1075|F042021T258C0018
273|True|True|False|False|False|False|0|0||10|True|13|1231|F042021T258C0018
274|True|True|False|False|False|False|0|0||10|True|13|1351|F042021T258C0018
275|True|True|False|False|False|False|0|0||10|True|13|1840|F042021T258C0018
276|False|False|False|False|False|False|0|0|||False|13|1924|F042021T258C0018
277|False|False|False|False|False|False|0|0|||False|13|2062|F042021T258C0018
278|True|True|False|False|False|False|0|0||10|True|13|2721|F042021T258C0018
279|False|False|False|False|False|False|0|0|||False|13|2772|F042021T258C0018
280|True|True|False|False|False|False|0|0||10|True|13|3019|F042021T258C0018
281|False|False|False|False|False|False|0|0|||False|13|3195|F042021T258C0018
282|True|True|False|False|False|False|0|0||10|True|13|3661|F042021T258C0018
283|True|True|False|False|False|False|0|0||10|True|13|3967|F042021T258C0018
284|True|True|False|False|False|False|0|0||10|True|13|4196|F042021T258C0018
285|True|True|False|False|False|False|0|0||9|True|13|4382|F042021T258C0018
286|True|True|False|False|False|False|0|0||8|True|13|4743|F042021T258C0018
287|True|True|False|False|False|False|0|0||10|True|13|4899|F042021T258C0018
288|False|False|False|False|False|False|0|0|||False|13|5093|F042021T258C0018
289|True|True|False|False|False|False|0|0||10|True|13|5183|F042021T258C0018
290|True|True|False|False|False|False|0|0||10|True|13|5215|F042021T258C0018
291|True|True|False|False|False|False|0|0||10|True|13|5423|F042021T258C0018
292|True|True|False|False|False|False|0|0||9|True|13|5488|F042021T258C0018
293|True|True|False|False|False|False|0|0||10|True|14|282|F042021T261C0012
294|True|True|False|False|False|False|0|0||10|True|14|471|F042021T261C0012
295|True|True|False|False|False|False|0|0||10|True|14|986|F042021T261C0012
296|False|False|False|False|False|False|0|0|||False|14|1058|F042021T261C0012
297|False|False|False|False|False|False|0|0|||False|14|1449|F042021T261C0012
298|True|True|False|False|False|False|0|0||10|True|14|1667|F042021T261C0012
299|True|True|False|False|False|False|0|0||10|True|14|1717|F042021T261C0012
300|True|True|False|False|False|False|0|0||10|True|14|1735|F042021T261C0012
301|True|True|False|False|False|False|0|0||10|True|14|1861|F042021T261C0012
302|False|True|False|False|False|False|0|0||7|True|14|2091|F042021T261C0012
303|True|True|False|False|False|False|0|0||10|True|14|3168|F042021T261C0012
304|True|True|False|False|False|False|0|0||10|True|14|3508|F042021T261C0012
305|True|True|False|False|False|False|0|0||10|True|14|4362|F042021T261C0012
306|False|True|False|False|False|False|0|0|||False|14|4483|F042021T261C0012
307|False|True|False|False|False|False|0|0|||False|14|4909|F042021T261C0012
308|True|True|False|False|False|False|0|0||10|True|14|5014|F042021T261C0012
309|True|True|False|False|False|False|0|0||10|True|14|5464|F042021T261C0012
310|False|False|False|False|False|False|0|0|||False|15|60|F042021S262C0014
311|True|True|False|False|False|False|0|0||10|True|15|476|F042021S262C0014
312|True|True|False|False|False|False|0|0||10|True|15|746|F042021S262C0014
313|False|False|False|False|True|False|0|0|||False|15|753|F042021S262C0014
314|False|False|False|False|False|False|0|0|||False|15|990|F042021S262C0014
315|False|False|False|False|False|False|0|0|||True|15|1102|F042021S262C0014
316|True|True|False|False|False|False|0|0||10|True|15|1811|F042021S262C0014
317|True|True|False|False|False|False|0|0||10|False|15|1861|F042021S262C0014
318|True|True|False|False|False|False|0|0||10|True|15|1898|F042021S262C0014
319|False|False|False|False|False|False|0|0|||False|15|2106|F042021S262C0014
320|False|False|False|False|False|False|0|0|||False|15|2615|F042021S262C0014
321|True|True|False|False|False|False|0|0||10|True|15|3081|F042021S262C0014
322|True|True|False|False|False|False|0|0||10|False|15|3367|F042021S262C0014
323|True|True|False|False|False|False|0|0||10|True|15|3523|F042021S262C0014
324|False|False|False|False|True|False|0|0|||False|15|3875|F042021S262C0014
325|True|True|False|False|False|False|0|0||10|True|15|3887|F042021S262C0014
326|True|True|False|False|False|False|0|0||10|True|15|4617|F042021S262C0014
327|True|True|False|False|False|False|0|0||10|True|15|4621|F042021S262C0014
328|True|True|False|False|False|False|0|0||10|False|15|4955|F042021S262C0014
329|False|False|False|False|False|False|0|0|||False|15|5007|F042021S262C0014
330|True|True|False|False|False|False|0|0||10|True|15|5416|F042021S262C0014
331|True|True|False|False|False|False|0|0||10|True|15|5511|F042021S262C0014
332|True|True|False|False|False|False|0|0||10|True|16|406|F042021S264C0018
333|False|False|False|False|False|False|0|0|||False|16|746|F042021S264C0018
334|True|True|False|False|False|False|0|0||8|True|16|1102|F042021S264C0018
335|True|True|False|False|False|False|0|0||8|True|16|1146|F042021S264C0018
336|True|True|False|False|False|False|0|0||8|True|16|1861|F042021S264C0018
337|False|False|False|False|False|False|0|0|||False|16|2524|F042021S264C0018
338|True|True|False|False|False|False|0|0||8|True|16|2721|F042021S264C0018
339|True|True|False|False|False|False|0|0||10|True|16|3254|F042021S264C0018
340|True|True|False|False|False|False|0|0||10|False|16|3264|F042021S264C0018
341|True|True|False|False|False|False|0|0||8|True|16|3297|F042021S264C0018
342|True|True|False|False|False|False|0|0||10|True|16|3514|F042021S264C0018
343|True|True|False|False|False|False|0|0||10|True|16|3737|F042021S264C0018
344|True|True|False|False|False|False|0|0||10|True|16|3887|F042021S264C0018
345|True|True|False|False|False|False|0|0||10|True|16|3905|F042021S264C0018
346|True|True|False|False|False|False|0|0||8|True|16|4031|F042021S264C0018
347|True|True|False|False|False|False|0|0||8|True|16|4219|F042021S264C0018
348|False|False|False|False|False|False|0|0|||False|16|4617|F042021S264C0018
349|True|True|False|False|False|False|0|0||10|True|16|4621|F042021S264C0018
350|True|True|False|False|False|False|0|0||8|True|16|5215|F042021S264C0018
351|True|True|False|False|False|False|0|0||8|True|16|5374|F042021S264C0018
352|True|True|False|False|False|False|0|0||8|False|16|5511|F042021S264C0018
353|False|True|False|False|False|False|0|0|'NP'||False|17|192|F042021T260C0017
354|False|False|False|False|False|False|0|0|'NP'||False|17|231|F042021T260C0017
355|True|True|False|False|False|False|0|0||10|True|17|246|F042021T260C0017
356|True|True|False|False|False|False|0|0||10|True|17|771|F042021T260C0017
357|True|True|False|False|False|False|0|0||10|True|17|1461|F042021T260C0017
358|True|True|False|False|False|False|0|0||9|True|17|1700|F042021T260C0017
359|False|False|False|False|True|False|0|0|||False|17|1735|F042021T260C0017
360|True|True|False|False|False|False|0|0||10|True|17|1861|F042021T260C0017
361|True|True|False|False|False|False|0|0||9|True|17|2171|F042021T260C0017
362|True|True|False|False|False|False|0|0||10|False|17|2238|F042021T260C0017
363|True|True|False|False|False|False|0|0||10|True|17|2514|F042021T260C0017
364|False|False|False|False|False|False|0|0|'NP'||False|17|2524|F042021T260C0017
365|True|True|False|False|False|False|0|0||10|True|17|2630|F042021T260C0017
366|True|True|False|False|False|False|0|0||10|True|17|2692|F042021T260C0017
367|False|False|False|False|False|False|0|0|'NP'||False|17|2721|F042021T260C0017
368|True|True|False|False|False|False|0|0||10|True|17|2827|F042021T260C0017
369|False|False|False|False|True|False|0|0|||False|17|3015|F042021T260C0017
370|True|True|False|False|False|False|0|0||10|True|17|3232|F042021T260C0017
371|False|False|False|False|True|False|0|0|||False|17|3523|F042021T260C0017
372|False|False|False|False|False|False|0|0|'NP'||False|17|4146|F042021T260C0017
373|False|False|False|False|True|False|0|0|||False|17|4161|F042021T260C0017
374|True|True|False|False|False|False|0|0||10|True|17|4381|F042021T260C0017
375|True|True|False|False|False|False|0|0||10|False|17|4427|F042021T260C0017
376|False|True|False|False|False|False|0|0|'NP'||False|17|4725|F042021T260C0017
377|False|True|False|False|False|False|0|0|'NP'||False|17|4923|F042021T260C0017
378|True|True|False|False|False|False|0|0||10|True|17|5007|F042021T260C0017
379|True|True|False|False|False|False|0|0||10|True|17|5093|F042021T260C0017
380|True|True|False|False|False|False|0|0||10|True|17|5188|F042021T260C0017
381|True|True|False|False|False|False|0|0||10|True|18|140|F042021T265C0012
382|True|True|False|False|False|False|0|0||10|True|18|1735|F042021T265C0012
383|True|True|False|False|False|False|0|0||10|False|18|2285|F042021T265C0012
384|True|True|False|False|False|False|0|0||10|False|18|2352|F042021T265C0012
385|False|False|False|False|False|False|0|0|||False|18|2684|F042021T265C0012
386|False|False|False|False|False|False|0|0|||False|18|2808|F042021T265C0012
387|True|True|False|False|False|False|0|0||10|True|18|2823|F042021T265C0012
388|True|True|False|False|False|False|0|0||10|True|18|3547|F042021T265C0012
389|True|True|False|False|False|False|0|0||10|True|18|3905|F042021T265C0012
390|True|True|False|False|False|False|0|0||10|False|18|4054|F042021T265C0012
391|True|True|False|False|False|False|0|0||8|False|18|4320|F042021T265C0012
392|True|True|False|False|False|False|0|0||10|False|18|4342|F042021T265C0012
393|False|False|False|False|False|False|0|0|||False|18|4362|F042021T265C0012
394|False|False|False|False|False|False|0|0|||False|18|4483|F042021T265C0012
395|False|False|False|False|False|False|0|0|||False|18|5007|F042021T265C0012
396|False|False|False|False|False|False|0|0|||False|18|5093|F042021T265C0012
397|True|True|False|False|False|False|0|0||8|False|18|5374|F042021T265C0012
398|True|True|False|False|False|False|0|0||10|True|18|5526|F042021T265C0012
399|False|False|False|False|True|False|0|0|||False|19|9|F042022T280C0017
400|True|True|False|False|False|False|0|0||10|True|19|232|F042022T280C0017
401|True|True|False|False|False|False|0|0||10|True|19|447|F042022T280C0017
402|False|True|False|False|False|False|0|0||5|True|19|928|F042022T280C0017
403|False|True|False|False|False|False|0|0||5|True|19|950|F042022T280C0017
404|False|False|False|False|True|False|0|0|||False|19|1779|F042022T280C0017
405|True|True|False|False|False|False|0|0||9|True|19|2009|F042022T280C0017
406|True|True|False|False|False|False|0|0||8|True|19|2015|F042022T280C0017
407|True|True|False|False|False|False|0|0||10|True|19|2152|F042022T280C0017
408|True|True|False|False|False|False|0|0||10|True|19|2357|F042022T280C0017
409|False|False|False|False|False|False|0|0|||False|19|2524|F042022T280C0017
410|True|True|False|False|False|False|0|0||6|True|19|2744|F042022T280C0017
411|True|True|False|False|False|False|0|0||8|True|19|2921|F042022T280C0017
412|True|True|False|False|False|False|0|0||10|True|19|2991|F042022T280C0017
413|True|True|False|False|False|False|0|0||10|True|19|3145|F042022T280C0017
414|False|True|False|False|False|False|0|0||5|True|19|3248|F042022T280C0017
415|True|True|False|False|False|False|0|0||10|True|19|3275|F042022T280C0017
416|False|False|False|False|False|False|0|0|||False|19|3535|F042022T280C0017
417|False|True|False|False|False|False|0|0||5|True|19|3727|F042022T280C0017
418|True|True|False|False|False|False|0|0||10|True|19|3797|F042022T280C0017
419|False|False|False|False|True|False|0|0|||False|19|3862|F042022T280C0017
420|True|True|False|False|False|False|0|0||10|True|19|3891|F042022T280C0017
421|False|False|False|False|False|False|0|0|||False|19|4360|F042022T280C0017
422|True|True|False|False|False|False|0|0||8|True|19|4381|F042022T280C0017
423|True|True|False|False|False|False|0|0||9|False|19|4533|F042022T280C0017
424|True|True|False|False|False|False|0|0||10|True|19|4745|F042022T280C0017
425|True|True|False|False|False|False|0|0||10|True|19|4841|F042022T280C0017
426|False|False|False|False|False|False|0|0|||False|19|5093|F042022T280C0017
427|True|True|False|False|False|False|0|0||10|True|20|5|F042022T281C0015
428|False|False|False|False|True|False|0|0|||False|20|9|F042022T281C0015
429|False|False|False|False|True|False|0|0|||False|20|12|F042022T281C0015
430|True|True|False|False|False|False|0|0||10|True|20|447|F042022T281C0015
431|True|True|False|False|False|False|0|0||10|True|20|1401|F042022T281C0015
432|True|True|False|False|False|False|0|0||10|True|20|1445|F042022T281C0015
433|True|True|False|False|False|False|0|0||10|True|20|1667|F042022T281C0015
434|True|True|False|False|False|False|0|0||10|True|20|1759|F042022T281C0015
435|True|True|False|False|False|False|0|0||10|True|20|2015|F042022T281C0015
436|True|True|False|False|False|False|0|0||10|True|20|2490|F042022T281C0015
437|False|False|False|False|True|False|0|0|||False|20|2586|F042022T281C0015
438|True|True|False|False|False|False|0|0||10|False|20|2772|F042022T281C0015
439|True|True|False|False|False|False|0|0||10|True|20|2913|F042022T281C0015
440|False|False|False|False|False|False|0|0|||False|20|2944|F042022T281C0015
441|True|True|False|False|False|False|0|0||10|True|20|3275|F042022T281C0015
442|True|True|False|False|False|False|0|0||10|True|20|3960|F042022T281C0015
443|True|True|False|False|False|False|0|0||10|True|20|4351|F042022T281C0015
444|True|True|False|False|False|False|0|0||10|True|20|4708|F042022T281C0015
445|False|False|False|False|False|False|0|0|||False|20|5093|F042022T281C0015
446|True|True|False|False|False|False|0|0||10|True|20|5392|F042022T281C0015
447|False|False|False|False|False|False|0|0|||False|20|5435|F042022T281C0015
448|True|True|False|False|False|False|0|0||10|True|21|60|F042022T284C0021
449|True|True|False|False|False|False|0|0||10|True|21|504|F042022T284C0021
450|False|False|False|False|True|False|0|0|||False|21|532|F042022T284C0021
451|True|True|False|False|False|False|0|0||10|True|21|699|F042022T284C0021
452|True|True|False|False|False|False|0|0||10|True|21|934|F042022T284C0021
453|True|True|False|False|False|False|0|0||9|True|21|992|F042022T284C0021
454|True|True|False|False|False|False|0|0||10|True|21|1163|F042022T284C0021
455|True|True|False|False|False|False|0|0||10|True|21|1306|F042022T284C0021
456|True|True|False|False|False|False|0|0||8|True|21|1346|F042022T284C0021
457|True|True|False|False|False|False|0|0||10|True|21|1405|F042022T284C0021
458|True|True|False|False|False|False|0|0||10|True|21|1741|F042022T284C0021
459|True|True|False|False|False|False|0|0||10|True|21|1825|F042022T284C0021
460|True|True|False|False|False|False|0|0||10|True|21|2171|F042022T284C0021
461|True|True|False|False|False|False|0|0||10|True|21|2618|F042022T284C0021
462|False|False|False|False|True|False|0|0|||False|21|2913|F042022T284C0021
463|True|True|False|False|False|False|0|0||10|True|21|2919|F042022T284C0021
464|True|True|False|False|False|False|0|0||10|True|21|3047|F042022T284C0021
465|False|False|False|False|False|False|0|0|||False|21|3265|F042022T284C0021
466|False|False|False|False|True|False|0|0|||False|21|3338|F042022T284C0021
467|True|True|False|False|False|False|0|0||10|True|21|3471|F042022T284C0021
468|True|True|False|False|False|False|0|0||10|True|21|3686|F042022T284C0021
469|True|True|False|False|False|False|0|0||9|True|21|3965|F042022T284C0021
470|True|True|False|False|False|False|0|0||10|True|21|4857|F042022T284C0021
471|True|True|False|False|False|False|0|0||10|True|21|4937|F042022T284C0021
472|True|True|False|False|False|False|0|0||10|True|21|5220|F042022T284C0021
473|False|False|False|False|True|False|0|0|||False|21|5533|F042022T284C0021
474|True|True|False|False|False|False|0|0||10|True|22|3|F042022T285C0022
475|True|True|False|False|False|False|0|0||10|True|22|8|F042022T285C0022
476|True|True|False|False|False|False|0|0||10|True|22|13|F042022T285C0022
477|True|True|False|False|False|False|0|0||10|True|22|15|F042022T285C0022
478|True|True|False|False|False|False|0|0||10|True|22|992|F042022T285C0022
479|True|True|False|False|False|False|0|0||10|True|22|1098|F042022T285C0022
480|True|True|False|False|False|False|0|0||10|True|22|1706|F042022T285C0022
481|True|True|False|False|False|False|0|0||10|True|22|1744|F042022T285C0022
482|False|False|False|False|True|False|0|0|||False|22|2171|F042022T285C0022
483|True|True|False|False|False|False|0|0||10|True|22|2316|F042022T285C0022
484|True|True|False|False|False|False|0|0||10|True|22|2351|F042022T285C0022
485|True|True|False|False|False|False|0|0||10|True|22|2384|F042022T285C0022
486|False|False|False|False|True|False|0|0|||False|22|2395|F042022T285C0022
487|True|True|False|False|False|False|0|0||10|True|22|2945|F042022T285C0022
488|True|True|False|False|False|False|0|0||10|True|22|3046|F042022T285C0022
489|False|False|False|False|False|False|0|0|||False|22|3265|F042022T285C0022
490|True|True|False|False|False|False|0|0||10|True|22|3325|F042022T285C0022
491|True|True|False|False|False|False|0|0||10|True|22|3338|F042022T285C0022
492|True|True|False|False|False|False|0|0||10|True|22|3377|F042022T285C0022
493|True|True|False|False|False|False|0|0||10|True|22|3475|F042022T285C0022
494|True|True|False|False|False|False|0|0||10|True|22|4084|F042022T285C0022
495|True|True|False|False|False|False|0|0||10|True|22|4397|F042022T285C0022
496|True|True|False|False|False|False|0|0||10|True|22|4475|F042022T285C0022
497|True|True|False|False|False|False|0|0||10|True|22|4990|F042022T285C0022
498|False|False|False|False|False|False|0|0|||False|22|5036|F042022T285C0022
499|True|True|False|False|False|False|0|0||10|True|22|5261|F042022T285C0022
500|False|False|False|False|True|False|0|0|||False|22|5364|F042022T285C0022
501|False|False|False|False|False|False|0|0|||False|23|232|
502|False|False|False|False|False|False|0|0|||False|23|884|
503|False|False|False|False|False|False|0|0|||False|23|1102|
504|False|False|False|False|False|False|0|0|||False|23|1304|
505|False|False|False|False|False|False|0|0|||False|23|1645|
506|False|False|False|False|False|False|0|0|||False|23|1830|
507|False|False|False|False|False|False|0|0|||False|23|2171|
508|False|False|False|False|False|False|0|0|||False|23|2257|
509|False|False|False|False|False|False|0|0|||False|23|2884|
510|False|False|False|False|True|False|0|0|||False|23|2952|
511|False|False|False|False|False|False|0|0|||False|23|3047|
512|False|False|False|False|False|False|0|0|||False|23|3226|
513|False|False|False|False|False|False|0|0|||False|23|4105|
514|False|False|False|False|False|False|0|0|||False|23|4955|
515|False|False|False|False|False|False|0|0|||False|23|5164|
516|False|False|False|False|False|False|0|0|||False|23|5288|
517|True|True|False|False|False|False|0|0||10|True|24|5|F042022S286C0013
518|True|True|False|False|False|False|0|0||9|False|24|415|F042022S286C0013
519|True|True|False|False|False|False|0|0||10|True|24|722|F042022S286C0013
520|True|True|False|False|False|False|0|0||10|True|24|1370|F042022S286C0013
521|False|False|False|False|False|False|0|0|||False|24|1861|F042022S286C0013
522|True|True|False|False|False|False|0|0||10|True|24|1898|F042022S286C0013
523|True|True|False|False|False|False|0|0||10|True|24|2353|F042022S286C0013
524|True|True|False|False|False|False|0|0||10|True|24|2718|F042022S286C0013
525|True|True|False|False|False|False|0|0||10|True|24|3215|F042022S286C0013
526|False|False|False|False|True|False|0|0|||False|24|3514|F042022S286C0013
527|True|True|False|False|False|False|0|0||9|True|24|3523|F042022S286C0013
528|True|True|False|False|False|False|0|0||10|True|24|3887|F042022S286C0013
529|True|True|False|False|False|False|0|0||10|False|24|3905|F042022S286C0013
530|False|False|False|False|False|False|0|0|||False|24|4146|F042022S286C0013
531|True|True|False|False|False|False|0|0||10|False|24|4621|F042022S286C0013
532|True|True|False|False|False|False|0|0||9|True|24|4708|F042022S286C0013
533|False|False|False|False|False|False|0|0|||False|24|5138|F042022S286C0013
534|True|True|False|False|False|False|0|0||9|True|25|258|F042022S287C0017
535|True|True|False|False|False|False|0|0||10|True|25|406|F042022S287C0017
536|True|True|False|False|False|False|0|0||10|False|25|476|F042022S287C0017
537|True|True|False|False|False|False|0|0||10|True|25|746|F042022S287C0017
538|False|False|False|False|True|False|0|0|||False|25|1370|F042022S287C0017
539|False|False|False|False|True|False|0|0|||False|25|1513|F042022S287C0017
540|False|False|False|False|False|False|0|0|||True|25|1763|F042022S287C0017
541|True|True|False|False|False|False|0|0||10|True|25|1861|F042022S287C0017
542|True|True|False|False|False|False|0|0||10|True|25|2005|F042022S287C0017
543|True|True|False|False|False|False|0|0||10|True|25|2149|F042022S287C0017
544|True|True|False|False|False|False|0|0||10|True|25|3168|F042022S287C0017
545|True|True|False|False|False|False|0|0||10|True|25|3215|F042022S287C0017
546|True|True|False|False|False|False|0|0||9|True|25|3497|F042022S287C0017
547|True|True|False|False|False|False|0|0||10|True|25|3514|F042022S287C0017
548|True|True|False|False|False|False|0|0||9|True|25|3523|F042022S287C0017
549|True|True|False|False|False|False|0|0||10|False|25|3887|F042022S287C0017
550|True|True|False|False|False|False|0|0||10|True|25|3905|F042022S287C0017
551|False|False|False|False|True|False|0|0|||False|25|4621|F042022S287C0017
552|True|True|False|False|False|False|0|0||10|True|25|4955|F042022S287C0017
553|True|True|False|False|False|False|0|0||10|True|25|5215|F042022S287C0017
554|False|False|False|False|True|False|0|0|||False|25|5234|F042022S287C0017
555|True|True|False|False|False|False|0|0||10|True|25|5507|F042022S287C0017
556|True|True|False|False|False|False|0|0||10|True|26|5|F042022T282C0015
557|False|False|False|False|True|False|0|0|||False|26|204|F042022T282C0015
558|True|True|False|False|False|False|0|0||10|True|26|443|F042022T282C0015
559|True|True|False|False|False|False|0|0||10|True|26|679|F042022T282C0015
560|True|True|False|False|False|False|0|0||10|True|26|742|F042022T282C0015
561|True|True|False|False|False|False|0|0||10|True|26|912|F042022T282C0015
562|True|True|False|False|False|False|0|0||8|True|26|962|F042022T282C0015
563|True|True|False|False|False|False|0|0||8|True|26|1445|F042022T282C0015
564|True|True|False|False|False|False|0|0||10|True|26|1551|F042022T282C0015
565|True|True|False|False|False|False|0|0||8|True|26|1711|F042022T282C0015
566|True|True|False|False|False|False|0|0||10|True|26|1781|F042022T282C0015
567|False|False|False|False|False|False|0|0|||False|26|1832|F042022T282C0015
568|True|True|False|False|False|False|0|0||8|True|26|2095|F042022T282C0015
569|True|True|False|False|False|False|0|0||10|True|26|2721|F042022T282C0015
570|True|True|False|False|False|False|0|0||8|True|26|2830|F042022T282C0015
571|True|True|False|False|False|False|0|0||10|True|26|2913|F042022T282C0015
572|True|True|False|False|False|False|0|0||8|True|26|3436|F042022T282C0015
573|False|False|False|False|False|False|0|0|||False|27|268|F042022T283C0012
574|False|False|False|False|False|False|0|0|||False|27|447|F042022T283C0012
575|True|True|False|False|False|False|0|0||10|True|27|494|F042022T283C0012
576|False|True|False|False|False|False|0|0|||False|27|985|F042022T283C0012
577|False|False|False|False|True|False|0|0|||False|27|992|F042022T283C0012
578|True|True|False|False|False|False|0|0||10|True|27|1102|F042022T283C0012
579|True|True|False|False|False|False|0|0||8|True|27|2005|F042022T283C0012
580|False|False|False|False|False|False|0|0|||False|27|2179|F042022T283C0012
581|True|True|False|False|False|False|0|0||8|True|27|2257|F042022T283C0012
582|True|True|False|False|False|False|0|0||10|True|27|2681|F042022T283C0012
583|True|True|False|False|False|False|0|0||10|False|27|2753|F042022T283C0012
584|False|False|False|False|False|False|0|0|||False|27|3041|F042022T283C0012
585|False|False|False|False|False|False|0|0|||False|27|3297|F042022T283C0012
586|True|True|False|False|False|False|0|0||10|True|27|3497|F042022T283C0012
587|True|True|False|False|False|False|0|0||8|True|27|3778|F042022T283C0012
588|True|True|False|False|False|False|0|0||8|False|27|4146|F042022T283C0012
589|True|True|False|False|False|False|0|0||10|True|27|4342|F042022T283C0012
590|True|True|False|False|False|False|0|0||8|False|27|4537|F042022T283C0012
591|False|True|False|False|False|False|0|0|||True|27|4860|F042022T283C0012
592|False|True|False|False|False|False|0|0|||False|27|4861|F042022T283C0012
593|True|True|False|False|False|False|0|0||10|True|27|5451|F042022T283C0012
594|False|False|False|False|True|False|0|0|||False|28|5|F042022C288C0009
595|True|True|False|False|False|False|0|0||10|False|28|294|F042022C288C0009
596|False|False|False|False|True|False|0|0|||False|28|992|F042022C288C0009
597|True|True|False|False|False|False|0|0||10|False|28|1021|F042022C288C0009
598|False|False|False|False|False|False|0|0|||False|28|1304|F042022C288C0009
599|False|False|False|False|True|False|0|0|||False|28|1405|F042022C288C0009
600|True|True|False|False|False|False|0|0||10|False|28|1717|F042022C288C0009
601|False|False|False|False|False|False|0|0|||False|28|2009|F042022C288C0009
602|False|False|False|False|False|False|0|0|||False|28|2087|F042022C288C0009
603|False|False|False|False|False|False|0|0|||False|28|2171|F042022C288C0009
604|True|True|False|False|False|False|0|0||10|False|28|2256|F042022C288C0009
605|True|True|False|False|False|False|0|0||10|False|28|2602|F042022C288C0009
606|True|True|False|False|False|False|0|0||10|False|28|2618|F042022C288C0009
607|False|False|False|False|False|False|0|0|||False|28|2795|F042022C288C0009
608|True|True|False|False|False|False|0|0||10|False|28|4339|F042022C288C0009
609|False|False|False|False|False|False|0|0|||False|28|4382|F042022C288C0009
610|False|False|False|False|True|False|0|0|||False|28|5007|F042022C288C0009
611|True|True|False|False|False|False|0|0||10|False|28|5164|F042022C288C0009
612|True|True|False|False|False|False|0|0||10|False|28|5215|F042022C288C0009
613|False|False|False|False|False|False|0|0|||False|29|11|
614|False|False|False|False|False|False|0|0|||False|29|985|
615|False|False|False|False|False|False|0|0|||False|29|1285|
616|False|False|False|False|False|False|0|0|||False|29|2823|
617|False|False|False|False|False|False|0|0|||False|29|3707|
618|False|False|False|False|False|False|0|0|||False|29|3893|
619|False|False|False|False|False|False|0|0|||False|29|4955|
620|False|False|False|False|False|False|0|0|||False|29|5093|
621|True|True|False|False|False|False|0|0||10|True|30|1014|F042022T274C0017
622|True|True|False|False|False|False|0|0||10|True|30|1164|F042022T274C0017
623|True|True|False|False|False|False|0|0||8|True|30|1327|F042022T274C0017
624|True|True|False|False|False|False|0|0||10|True|30|2222|F042022T274C0017
625|False|False|False|False|False|False|0|0|||False|30|2331|F042022T274C0017
626|True|True|False|False|False|False|0|0||7|True|30|2354|F042022T274C0017
627|False|False|False|False|True|False|0|0|||False|30|2552|F042022T274C0017
628|True|True|False|False|False|False|0|0||10|True|30|2591|F042022T274C0017
629|False|False|False|False|False|False|0|0|||False|30|2617|F042022T274C0017
630|True|True|False|False|False|False|0|0||8|True|30|2692|F042022T274C0017
631|False|False|False|False|True|False|0|0|||False|30|3009|F042022T274C0017
632|False|False|False|False|False|False|0|0|||False|30|3041|F042022T274C0017
633|False|False|False|False|True|False|0|0|||False|30|3172|F042022T274C0017
634|False|False|False|False|False|False|0|0|||False|30|3221|F042022T274C0017
635|True|True|False|False|False|False|0|0||10|True|30|3278|F042022T274C0017
636|True|True|False|False|False|False|0|0||10|True|30|3707|F042022T274C0017
637|True|True|False|False|False|False|0|0||10|True|30|3875|F042022T274C0017
638|False|False|False|False|False|False|0|0|||False|30|3893|F042022T274C0017
639|True|True|False|False|False|False|0|0||10|True|30|4087|F042022T274C0017
640|True|True|False|False|False|False|0|0||10|True|30|4170|F042022T274C0017
641|True|True|False|False|False|False|0|0||10|True|30|4303|F042022T274C0017
642|False|True|False|False|False|False|0|0||5|True|30|4381|F042022T274C0017
643|True|True|False|False|False|False|0|0||10|True|30|4385|F042022T274C0017
644|True|True|False|False|False|False|0|0||10|True|30|4427|F042022T274C0017
645|True|True|False|False|False|False|0|0||9|True|30|4725|F042022T274C0017
646|True|True|False|False|False|False|0|0||10|True|30|4766|F042022T274C0017
647|False|False|False|False|False|False|0|0|||False|30|5253|F042022T274C0017
648|False|False|False|False|True|False|0|0|||False|30|5310|F042022T274C0017
649|False|False|False|False|False|False|0|0|||False|30|5376|F042022T274C0017
650|True|True|False|False|False|False|0|0||10|True|31|912|F042022T275C0015
651|True|True|False|False|False|False|0|0||10|True|31|1500|F042022T275C0015
652|True|True|False|False|False|False|0|0||10|True|31|1513|F042022T275C0015
653|True|True|False|False|False|False|0|0||8|True|31|1645|F042022T275C0015
654|True|True|False|False|False|False|0|0||10|True|31|1741|F042022T275C0015
655|True|True|False|False|False|False|0|0||10|True|31|1763|F042022T275C0015
656|True|True|False|False|False|False|0|0||10|True|31|1898|F042022T275C0015
657|True|True|False|False|False|False|0|0||9|True|31|2008|F042022T275C0015
658|True|True|False|False|False|False|0|0||10|True|31|2354|F042022T275C0015
659|True|True|False|False|False|False|0|0||10|True|31|2602|F042022T275C0015
660|True|True|False|False|False|False|0|0||10|True|31|2712|F042022T275C0015
661|True|True|False|False|False|False|0|0||10|True|31|2729|F042022T275C0015
662|True|True|False|False|False|False|0|0||10|True|31|2827|F042022T275C0015
663|False|False|False|False|True|False|0|0|||False|31|3280|F042022T275C0015
664|False|False|False|False|False|False|0|0|||False|31|4559|F042022T275C0015
665|True|True|False|False|False|False|0|0||10|True|31|4617|F042022T275C0015
666|False|False|False|False|False|False|0|0|||False|31|4909|F042022T275C0015
667|True|True|False|False|False|False|0|0||10|True|31|5199|F042022T275C0015
668|False|False|False|False|False|False|0|0|||False|31|5374|F042022T275C0015
669|False|False|False|False|False|False|0|0|||False|31|5533|F042022T275C0015
670|False|False|False|False|False|False|0|0|||False|32|1|F042022T276C0017
671|True|True|False|False|False|False|0|0||9|True|32|4|F042022T276C0017
672|False|False|False|False|False|False|0|0||5|False|32|14|F042022T276C0017
673|True|True|False|False|False|False|0|0||9|True|32|254|F042022T276C0017
674|True|True|False|False|False|False|0|0||9|True|32|435|F042022T276C0017
675|True|True|False|False|False|False|0|0||10|True|32|832|F042022T276C0017
676|False|False|False|False|False|False|0|0||5|False|32|835|F042022T276C0017
677|False|False|False|False|True|False|0|0|||False|32|932|F042022T276C0017
678|True|True|False|False|False|False|0|0||9|True|32|986|F042022T276C0017
679|True|True|False|False|False|False|0|0||9|True|32|1361|F042022T276C0017
680|True|True|False|False|False|False|0|0||9|True|32|1438|F042022T276C0017
681|True|True|False|False|False|False|0|0||10|True|32|1500|F042022T276C0017
682|True|True|False|False|False|False|0|0||9|True|32|1513|F042022T276C0017
683|True|True|False|False|False|False|0|0||10|True|32|1687|F042022T276C0017
684|True|True|False|False|False|False|0|0||10|True|32|1763|F042022T276C0017
685|True|True|False|False|False|False|0|0||10|True|32|2171|F042022T276C0017
686|False|False|False|False|False|False|0|0|||False|32|2238|F042022T276C0017
687|False|False|False|False|False|False|0|0||5|False|32|2370|F042022T276C0017
688|False|False|False|False|False|False|0|0|||False|32|2514|F042022T276C0017
689|False|False|False|False|True|False|0|0|||False|32|2827|F042022T276C0017
690|True|True|False|False|False|False|0|0||9|True|32|2902|F042022T276C0017
691|True|True|False|False|False|False|0|0||9|True|32|3767|F042022T276C0017
692|True|True|False|False|False|False|0|0||9|True|32|4007|F042022T276C0017
693|False|False|False|False|True|False|0|0|||False|32|4110|F042022T276C0017
694|True|True|False|False|False|False|0|0||10|True|32|5218|F042022T276C0017
695|True|True|False|False|False|False|0|0||10|True|32|5291|F042022T276C0017
696|False|False|False|False|False|False|0|0|||False|32|5305|F042022T276C0017
697|True|True|False|False|False|False|0|0||9|True|33|746|F042022T273C0018
698|True|True|False|False|False|False|0|0||8|True|33|1513|F042022T273C0018
699|False|False|False|False|False|False|0|0|||False|33|1820|F042022T273C0018
700|True|True|False|False|False|False|0|0||9|True|33|1847|F042022T273C0018
701|True|True|False|False|False|False|0|0||9|False|33|1898|F042022T273C0018
702|True|True|False|False|False|False|0|0||10|True|33|2009|F042022T273C0018
703|True|True|False|False|False|False|0|0||9|False|33|2020|F042022T273C0018
704|True|True|False|False|False|False|0|0||10|True|33|2051|F042022T273C0018
705|False|False|False|False|False|False|0|0|||False|33|2586|F042022T273C0018
706|True|True|False|False|False|False|0|0||10|True|33|3514|F042022T273C0018
707|True|True|False|False|False|False|0|0||9|True|33|3523|F042022T273C0018
708|True|True|False|False|False|False|0|0||8|False|33|3737|F042022T273C0018
709|True|True|False|False|False|False|0|0||9|True|33|3805|F042022T273C0018
710|True|True|False|False|False|False|0|0||9|True|33|3845|F042022T273C0018
711|True|True|False|False|False|False|0|0||10|True|33|3887|F042022T273C0018
712|True|True|False|False|False|False|0|0||10|True|33|4186|F042022T273C0018
713|True|True|False|False|False|False|0|0||10|True|33|4196|F042022T273C0018
714|True|True|False|False|False|False|0|0||10|True|33|4566|F042022T273C0018
715|True|True|False|False|False|False|0|0||8|True|33|4955|F042022T273C0018
716|False|False|False|False|False|False|0|0|||False|33|5007|F042022T273C0018
717|False|False|False|False|False|False|0|0|||False|33|5374|F042022T273C0018
718|True|True|False|False|False|False|0|0||10|True|33|5416|F042022T273C0018
719|True|True|False|False|False|False|0|0||10|True|34|476|F042022S277C0014
720|True|True|False|False|False|False|0|0||10|True|34|986|F042022S277C0014
721|True|True|False|False|False|False|0|0||10|True|34|1861|F042022S277C0014
722|False|False|False|False|False|False|0|0|||False|34|1898|F042022S277C0014
723|True|True|False|False|False|False|0|0||10|True|34|2149|F042022S277C0014
724|True|True|False|False|False|False|0|0||10|True|34|2521|F042022S277C0014
725|True|True|False|False|False|False|0|0||10|True|34|3168|F042022S277C0014
726|True|True|False|False|False|False|0|0||10|True|34|3308|F042022S277C0014
727|True|True|False|False|False|False|0|0||10|True|34|3514|F042022S277C0014
728|True|True|False|False|False|False|0|0||10|True|34|3887|F042022S277C0014
729|True|True|False|False|False|False|0|0||10|True|34|4357|F042022S277C0014
730|True|True|False|False|False|False|0|0||10|True|34|4955|F042022S277C0014
731|True|True|False|False|False|False|0|0||10|True|34|5073|F042022S277C0014
732|True|True|False|False|False|False|0|0||10|True|34|5215|F042022S277C0014
733|True|True|False|False|False|False|0|0||10|True|34|5416|F042022S277C0014
734|False|False|False|False|True|False|0|0|||False|35|10|F042022T279C0013
735|False|False|False|False|False|False|0|0|||False|35|144|F042022T279C0013
736|False|False|False|False|False|False|0|0|||False|35|258|F042022T279C0013
737|False|False|False|False|False|False|0|0|||True|35|985|F042022T279C0013
738|True|True|False|False|False|False|0|0||10|True|35|1011|F042022T279C0013
739|True|True|False|False|False|False|0|0||10|True|35|1139|F042022T279C0013
740|True|True|False|False|False|False|0|0||10|True|35|1249|F042022T279C0013
741|False|False|False|False|False|False|0|0|||False|35|1274|F042022T279C0013
742|True|True|False|False|False|False|0|0||7|False|35|1329|F042022T279C0013
743|False|False|False|False|True|False|0|0|||False|35|1366|F042022T279C0013
744|True|True|False|False|False|False|0|0||10|True|35|1475|F042022T279C0013
745|False|False|False|False|False|False|0|0|||True|35|1825|F042022T279C0013
746|False|False|False|False|False|False|0|0|||False|35|2370|F042022T279C0013
747|False|False|False|False|False|False|0|0||5|False|35|2733|F042022T279C0013
748|False|False|False|False|False|False|0|0|||False|35|3041|F042022T279C0013
749|True|True|False|False|False|False|0|0||10|True|35|3047|F042022T279C0013
750|True|True|False|False|False|False|0|0||10|True|35|3601|F042022T279C0013
751|True|True|False|False|False|False|0|0||10|True|35|3630|F042022T279C0013
752|True|True|False|False|False|False|0|0||10|True|35|3887|F042022T279C0013
753|True|True|False|False|False|False|0|0||10|True|35|4198|F042022T279C0013
754|False|False|False|False|False|False|0|0|||False|35|4235|F042022T279C0013
755|True|True|False|False|False|False|0|0||10|True|35|4497|F042022T279C0013
756|False|False|False|False|False|False|0|0|||False|35|4552|F042022T279C0013
757|False|False|False|False|True|False|0|0|||False|35|4787|F042022T279C0013
758|True|True|False|False|False|False|0|0||10|True|35|4955|F042022T279C0013
759|False|False|False|False|False|False|0|0|||False|35|4963|F042022T279C0013
760|True|True|False|False|False|False|0|0||10|True|35|5218|F042022T279C0013
761|False|False|False|False|True|False|0|0|||False|35|5364|F042022T279C0013
762|True|True|False|False|False|False|0|0||10|True|36|2|F042022T278C0017
763|False|False|False|False|False|False|0|0|||False|36|14|F042022T278C0017
764|True|True|False|False|False|False|0|0||10|True|36|353|F042022T278C0017
765|True|True|False|False|False|False|0|0||10|True|36|691|F042022T278C0017
766|True|True|False|False|False|False|0|0||10|True|36|730|F042022T278C0017
767|False|False|False|False|False|False|0|0|||False|36|906|F042022T278C0017
768|True|True|False|False|False|False|0|0||10|False|36|918|F042022T278C0017
769|True|True|False|False|False|False|0|0||8|True|36|1071|F042022T278C0017
770|False|False|False|False|False|False|0|0|||False|36|1087|F042022T278C0017
771|True|True|False|False|False|False|0|0||10|True|36|1111|F042022T278C0017
772|False|False|False|False|False|False|0|0|||False|36|1454|F042022T278C0017
773|True|True|False|False|False|False|0|0||9|False|36|1531|F042022T278C0017
774|False|False|False|False|True|False|0|0|||False|36|1792|F042022T278C0017
775|False|True|False|False|False|False|0|0|||True|36|1967|F042022T278C0017
776|True|True|False|False|False|False|0|0||10|True|36|1982|F042022T278C0017
777|False|False|False|False|False|False|0|0|||False|36|2750|F042022T278C0017
778|True|True|False|False|False|False|0|0||10|False|36|2791|F042022T278C0017
779|True|True|False|False|False|False|0|0||10|True|36|2823|F042022T278C0017
780|True|True|False|False|False|False|0|0||10|False|36|3042|F042022T278C0017
781|False|True|False|False|False|False|0|0|||True|36|3211|F042022T278C0017
782|True|True|False|False|False|False|0|0||10|False|36|3264|F042022T278C0017
783|True|True|False|False|False|False|0|0||10|True|36|3522|F042022T278C0017
784|True|True|False|False|False|False|0|0||9|False|36|5037|F042022T278C0017
785|False|False|False|False|False|False|0|0|||False|36|5291|F042022T278C0017
786|True|True|False|False|False|False|0|0||10|True|36|5391|F042022T278C0017
787|False|False|False|False|False|False|0|0|||False|36|5500|F042022T278C0017
788|False|False|False|False|False|False|0|0|||False|37|1102|
789|False|False|False|False|False|False|0|0|||False|37|1324|
790|False|False|False|False|False|False|0|0|||False|37|3733|
791|False|False|False|False|False|False|0|0|||False|38|1627|
792|False|False|False|False|False|False|0|0|||False|38|1717|
793|False|False|False|False|False|False|0|0|||False|38|2051|
794|False|False|False|False|False|False|0|0|||False|38|2128|
806|False|False|False|False|False|False|0|0|||False|40|1102|
807|False|False|False|False|False|False|0|0|||False|40|2745|
808|False|False|False|False|False|False|0|0|||False|40|3905|
809|False|False|False|False|False|False|0|0|||False|40|3919|
810|False|False|False|False|False|False|0|0|||False|40|4054|
811|False|False|False|False|False|False|0|0|||False|40|5007|
812|False|False|False|False|False|False|0|0|||False|41|1930|
813|False|False|False|False|False|False|0|0|||False|41|2761|
814|False|False|False|False|False|False|0|0|||False|41|3168|
815|False|False|False|False|False|False|0|0|||False|41|4559|
816|False|False|False|False|False|False|0|0|||False|41|5391|
817|False|False|False|False|False|False|0|0|||False|42|2521|
818|False|False|False|False|False|False|0|0|||False|42|3283|
819|False|False|False|False|False|False|0|0|||False|42|3514|
820|False|False|False|False|False|False|0|0|||False|42|4708|
821|False|False|False|False|False|False|0|0|||False|42|5073|
822|False|False|False|False|False|False|0|0|||False|42|5138|
823|False|False|False|False|False|False|0|0|||False|42|5464|
