2|False|False|False|False|False|False|0|0|||False|1|63|
3|False|False|False|False|False|False|0|0|||False|1|156|
4|False|False|False|False|False|False|0|0|||False|1|259|
5|False|False|False|False|False|False|0|0|||False|1|494|
6|False|False|False|False|False|False|0|0|||False|1|823|
7|False|False|False|False|False|False|0|0|||False|1|987|
8|False|False|False|False|False|False|0|0|||False|1|1137|
9|False|False|False|False|False|False|0|0|||False|1|1319|
10|False|False|False|False|False|False|0|0|||False|1|1406|
11|False|False|False|False|False|False|0|0|||False|1|1630|
12|False|False|False|False|False|False|0|0|||False|1|2054|
13|False|False|False|False|False|False|0|0|||False|1|2254|
14|False|False|False|False|False|False|0|0|||False|1|2318|
15|False|False|False|False|False|False|0|0|||False|1|2911|
16|False|False|False|False|False|False|0|0|||False|1|3896|
17|False|False|False|False|False|False|0|0|||False|1|3910|
18|False|False|False|False|False|False|0|0|||False|1|4191|
19|False|False|False|False|False|False|0|0|||False|1|4390|
20|False|False|False|False|False|False|0|0|||False|1|4432|
21|False|False|False|False|False|False|0|0|||False|1|4502|
22|True|True|False|False|False|False|0|0||8|True|2|140|
23|True|True|False|False|False|False|0|0||10|True|2|212|
24|True|True|False|False|False|False|0|0||10|True|2|495|
25|True|True|False|False|False|False|0|0||10|True|2|885|
26|False|False|False|False|False|False|0|0|||False|2|1014|
27|False|False|False|False|False|False|0|0|||False|2|1137|
28|True|True|False|False|False|False|0|0||10|True|2|1873|
29|True|True|False|False|False|False|0|0||10|True|2|2054|
30|True|True|False|False|False|False|0|0||10|True|2|2319|
31|True|True|False|False|False|False|0|0||10|True|2|2888|
32|False|False|False|False|False|False|0|0|||False|2|3113|
33|False|True|False|False|False|False|0|0|||True|2|3253|
34|True|True|False|False|False|False|0|0||10|True|2|3280|
35|True|True|False|False|False|False|0|0||8|True|2|3293|
36|False|False|False|False|False|False|0|0|||False|2|3329|
37|True|True|False|False|False|False|0|0||9|True|2|3919|
38|True|True|False|False|False|False|0|0||10|True|2|4390|
39|False|False|False|False|False|False|0|0|||False|2|5012|
40|True|True|False|False|False|False|0|0||10|True|2|5511|
41|True|True|False|False|False|False|0|0||9|True|3|60|
42|True|True|False|False|False|False|0|0||9|True|3|246|
43|True|True|False|False|False|False|0|0||9|True|3|942|
44|True|True|False|False|False|False|0|0||10|True|3|1530|
45|True|True|False|False|False|False|0|0||9|True|3|1730|
46|True|True|False|False|False|False|0|0||10|True|3|1766|
47|True|True|False|False|False|False|0|0||9|True|3|1816|
48|False|True|False|False|False|False|0|0||7|True|3|1920|
49|True|True|False|False|False|False|0|0||8|True|3|2032|
50|True|True|False|False|False|False|0|0||9|True|3|2544|
51|False|True|False|False|False|False|0|0||7|True|3|2685|
52|True|True|False|False|False|False|0|0||8|True|3|3280|
53|True|True|False|False|False|False|0|0||9|True|3|3374|
54|True|True|False|False|False|False|0|0||9|True|3|3444|
55|True|True|False|False|False|False|0|0||10|True|3|3896|
56|False|False|False|False|True|False|0|0|||False|3|4131|
57|True|True|False|False|False|False|0|0||9|True|3|4390|
58|True|True|False|False|False|False|0|0||8|True|3|4995|
59|False|False|False|False|True|False|0|0|||False|3|5030|
60|True|True|False|False|False|False|0|0||10|True|4|61|
61|True|True|False|False|False|False|0|0||10|True|4|407|
62|True|True|False|False|False|False|0|0||9|True|4|1648|
63|False|False|False|False|False|False|0|0|||False|4|1844|
64|True|True|False|False|False|False|0|0||10|False|4|1850|
65|True|True|False|False|False|False|0|0||8|False|4|1858|
66|True|True|False|False|False|False|0|0||10|True|4|2012|
67|True|True|False|False|False|False|0|0||9|True|4|2023|
68|True|True|False|False|False|False|0|0||10|True|4|2054|
69|True|True|False|False|False|False|0|0||10|True|4|2259|
70|True|True|False|False|False|False|0|0||9|True|4|2590|
71|True|True|False|False|False|False|0|0||9|True|4|2790|
72|False|False|False|False|False|False|0|0|||False|4|3288|
73|True|True|False|False|False|False|0|0||10|True|4|3313|
74|False|False|False|False|False|False|0|0|||False|4|3612|
75|True|True|False|False|False|False|0|0||9|True|4|3742|
76|True|True|False|False|False|False|0|0||10|True|4|3892|
77|True|True|False|False|False|False|0|0||10|False|4|4191|
78|True|True|False|False|False|False|0|0||10|False|4|4201|
79|True|True|False|False|False|False|0|0||10|True|4|4502|
80|True|True|False|False|False|False|0|0||10|True|4|4571|
81|True|True|False|False|False|False|0|0||10|False|4|4626|
82|False|False|False|False|False|False|0|0|||False|4|5098|
83|True|True|False|False|False|False|0|0||9|True|4|5230|
84|True|True|False|False|False|False|0|0||10|True|4|5421|
85|True|True|False|False|False|False|0|0||10|False|5|169|
86|True|True|False|False|False|False|0|0||8|True|5|212|
87|True|True|False|False|False|False|0|0||10|False|5|215|
88|True|True|False|False|False|False|0|0||10|True|5|1095|
89|True|True|False|False|False|False|0|0||8|True|5|1566|
90|True|True|False|False|False|False|0|0||10|True|5|1931|
91|True|True|False|False|False|False|0|0||10|True|5|2023|
92|True|True|False|False|False|False|0|0||10|True|5|2394|
93|True|True|False|False|False|False|0|0||10|True|5|2544|
94|True|True|False|False|False|False|0|0||10|True|5|2868|
95|True|True|False|False|False|False|0|0||10|True|5|2899|
96|False|False|False|False|False|False|0|0|||False|5|3064|
97|True|True|False|False|False|False|0|0||10|True|5|3285|
98|True|True|False|False|False|False|0|0||10|True|5|3476|
99|True|True|False|False|False|False|0|0||10|True|5|3589|
100|True|True|False|False|False|False|0|0||10|False|5|3601|
101|True|True|False|False|False|False|0|0||10|True|5|3931|
102|True|True|False|False|False|False|0|0||10|True|5|4272|
103|False|False|False|False|False|False|0|0|||False|5|4360|
104|False|False|False|False|False|False|0|0|||False|5|4462|
105|True|True|False|False|False|False|0|0||10|True|5|4626|
106|True|True|False|False|False|False|0|0||10|True|5|5066|
107|True|True|False|False|False|False|0|0||10|True|5|5105|
108|True|True|False|False|False|False|0|0||10|True|5|5416|
109|True|True|False|False|False|False|0|0||10|True|6|259|
110|True|True|False|False|False|False|0|0||10|True|6|407|
111|True|True|False|False|False|False|0|0||10|True|6|477|
112|True|True|False|False|False|False|0|0||10|True|6|540|
113|True|True|False|False|False|False|0|0||10|True|6|747|
114|True|True|False|False|False|False|0|0||10|True|6|1371|
115|True|True|False|False|False|False|0|0||10|True|6|1515|
116|True|True|False|False|False|False|0|0||10|True|6|1766|
117|True|True|False|False|False|False|0|0||10|True|6|1901|
118|True|True|False|False|False|False|0|0||10|True|6|2008|
119|True|True|False|False|False|False|0|0||10|True|6|2152|
120|True|True|False|False|False|False|0|0||10|True|6|2586|
121|True|True|False|False|False|False|0|0||10|True|6|2587|
122|True|True|False|False|False|False|0|0||10|True|6|3087|
123|True|True|False|False|False|False|0|0||10|True|6|3220|
124|True|True|False|False|False|False|0|0||10|True|6|3502|
125|True|True|False|False|False|False|0|0||10|True|6|3519|
126|True|True|False|False|False|False|0|0||10|True|6|3528|
127|True|True|False|False|False|False|0|0||10|True|6|3809|
128|True|True|False|False|False|False|0|0||10|True|6|3892|
129|True|True|False|False|False|False|0|0||10|True|6|3910|
130|True|True|False|False|False|False|0|0||10|True|6|3997|
131|True|True|False|False|False|False|0|0||10|True|6|4049|
132|True|True|False|False|False|False|0|0||10|True|6|4502|
133|True|True|False|False|False|False|0|0||10|False|6|4626|
134|True|True|False|False|False|False|0|0||10|True|6|5512|
135|False|False|False|False|False|False|0|0|||False|7|19|
136|False|False|False|False|False|False|0|0|||False|7|61|
137|False|False|False|False|False|False|0|0|||False|7|448|
138|False|False|False|False|False|False|0|0|||False|7|495|
139|False|False|False|False|False|False|0|0|||False|7|505|
140|False|False|False|False|False|False|0|0|||False|7|608|
141|False|False|False|False|False|False|0|0|||False|7|700|
142|False|False|False|False|False|False|0|0|||False|7|979|
143|False|False|False|False|False|False|0|0|||False|7|986|
144|False|False|False|False|False|False|0|0|||False|7|1715|
145|False|False|False|False|False|False|0|0|||False|7|1844|
146|False|False|False|False|False|False|0|0|||False|7|1923|
147|False|False|False|False|False|False|0|0|||False|7|2891|
148|False|False|False|False|False|False|0|0|||False|7|2911|
149|False|False|False|False|False|False|0|0|||False|7|3047|
150|False|False|False|False|True|False|0|0|||False|7|3086|
151|False|False|False|False|False|False|0|0|||False|7|4360|
152|False|False|False|False|False|False|0|0|||False|7|4682|
153|False|False|False|False|False|False|0|0|||False|7|4991|
154|False|False|False|False|False|False|0|0|||False|7|5204|
155|False|False|False|False|False|False|0|0|||False|7|5293|
156|True|True|False|False|False|False|0|0||10|True|8|269|
157|False|False|False|False|False|False|0|0|||True|8|539|
158|False|False|False|False|False|False|0|0|||False|8|934|
159|True|True|False|False|False|False|0|0||10|True|8|935|
160|True|True|False|False|False|False|0|0||10|True|8|1406|
161|False|False|False|False|True|False|0|0|||False|8|1515|
162|True|True|False|False|False|False|0|0||10|True|8|1781|
163|True|True|False|False|False|False|0|0||10|True|8|1833|
164|False|False|False|False|False|False|0|0|||False|8|1850|
165|True|True|False|False|False|False|0|0||10|True|8|1920|
166|True|True|False|False|False|False|0|0||10|True|8|2174|
167|False|False|False|False|False|False|0|0|||False|8|2569|
168|True|True|False|False|False|False|0|0||10|True|8|3173|
169|True|True|False|False|False|False|0|0||10|True|8|3374|
170|True|True|False|False|False|False|0|0||10|True|8|4049|
171|True|True|False|False|False|False|0|0||10|True|8|4451|
172|True|True|False|False|False|False|0|0||10|True|8|4866|
173|True|True|False|False|False|False|0|0||10|False|9|21|
174|True|True|False|False|False|False|0|0||10|False|9|22|
175|True|True|False|False|False|False|0|0||10|False|9|23|
176|True|True|False|False|False|False|0|0||10|False|9|24|
177|True|True|False|False|False|False|0|0||10|False|9|25|
178|True|True|False|False|False|False|0|0||10|False|9|26|
179|False|False|False|False|False|False|0|0|||False|9|27|
180|True|True|False|False|False|False|0|0||10|False|9|28|
181|True|True|False|False|False|False|0|0||10|False|9|29|
182|False|False|False|False|False|False|0|0|||False|9|30|
183|False|False|False|False|False|False|0|0|||False|9|31|
184|False|False|False|False|False|False|0|0|||False|9|32|
185|True|True|False|False|False|False|0|0||10|False|9|33|
186|False|False|False|False|False|False|0|0|||False|9|34|
187|True|True|False|False|False|False|0|0||10|False|9|35|
188|True|True|False|False|False|False|0|0||10|False|9|36|
189|True|True|False|False|False|False|0|0||10|False|9|37|
190|True|True|False|False|False|False|0|0||10|False|9|38|
191|True|True|False|False|False|False|0|0||10|False|9|39|
192|True|True|False|False|False|False|0|0||10|False|9|40|
193|False|False|False|False|False|False|0|0|||False|9|41|
194|True|True|False|False|False|False|0|0||10|False|9|42|
195|False|False|False|False|False|False|0|0|||False|9|43|
196|False|False|False|False|False|False|0|0|||False|9|44|
197|True|True|False|False|False|False|0|0||10|False|9|45|
198|True|True|False|False|False|False|0|0||10|False|9|46|
199|True|True|False|False|False|False|0|0||10|False|9|47|
200|True|True|False|False|False|False|0|0||10|False|9|48|
201|True|True|False|False|False|False|0|0||9|True|10|105|
202|True|True|False|False|False|False|0|0||10|False|10|140|
203|False|False|False|False|True|False|0|0|||False|10|212|
204|False|False|False|False|False|False|0|0|'np'||False|10|481|
205|True|True|False|False|False|False|0|0||10|True|10|747|
206|True|True|False|False|False|False|0|0||10|True|10|856|
207|True|True|False|False|False|False|0|0||10|True|10|987|
208|False|True|False|False|False|False|0|0|||True|10|1074|
209|True|True|False|False|False|False|0|0||10|True|10|1164|
210|True|True|False|False|False|False|0|0||7|True|10|1209|
211|False|True|False|False|False|False|0|0|||True|10|1494|
212|True|True|False|False|False|False|0|0||8|True|10|1985|
213|True|True|False|False|False|False|0|0||10|True|10|2161|
214|False|False|False|False|False|False|0|0|'np'||False|10|2280|
215|False|False|False|False|True|False|0|0|||False|10|2298|
216|True|True|False|False|False|False|0|0||9|True|10|2433|
217|True|True|False|False|False|False|0|0||10|True|10|2899|
218|True|True|False|False|False|False|0|0||6|True|10|2911|
219|False|False|False|False|True|False|0|0|||False|10|3014|
220|True|True|False|False|False|False|0|0||10|True|10|3047|
221|True|True|False|False|False|False|0|0||10|True|10|3889|
222|True|True|False|False|False|False|0|0||10|True|10|4594|
223|False|False|False|False|False|False|0|0|'2 asistencias'||False|10|5098|
224|False|True|False|False|False|False|0|0|'5 asistencias'||False|10|5237|
225|True|True|False|False|False|False|0|0||9|True|10|5396|
226|True|True|False|False|False|False|0|0||10|True|10|5456|
227|False|False|False|False|False|False|0|0|'2 asistencias'||False|10|5469|
228|False|False|False|False|False|False|0|0|||False|11|19|
229|True|True|False|False|False|False|0|0||10|True|11|494|
230|False|False|False|False|True|False|0|0|||False|11|797|
231|False|False|False|False|True|False|0|0|||False|11|935|
232|False|False|False|False|False|False|0|0|||False|11|1209|
233|True|True|False|False|False|False|0|0||9|True|11|1345|
234|True|True|False|False|False|False|0|0||10|True|11|1424|
235|True|True|False|False|False|False|0|0||10|True|11|1637|
236|True|True|False|False|False|False|0|0||10|True|11|1720|
237|True|True|False|False|False|False|0|0||10|True|11|2007|
238|True|True|False|False|False|False|0|0||8|True|11|2116|
239|True|True|False|False|False|False|0|0||8|True|11|2527|
240|False|False|False|False|False|False|0|0|||False|11|2812|
241|True|True|False|False|False|False|0|0||9|True|11|2827|
242|True|True|False|False|False|False|0|0||10|True|11|3850|
243|True|True|False|False|False|False|0|0||9|True|11|4170|
244|False|False|False|False|False|False|0|0|||False|11|5019|
245|False|False|False|False|False|False|0|0|||False|11|5220|
246|False|False|False|False|True|False|0|0|||False|11|5225|
247|True|True|False|False|False|False|0|0||8|True|11|5379|
248|True|True|False|False|False|False|0|0||10|True|12|613|
249|True|True|False|False|False|False|0|0||10|True|12|627|
250|True|True|False|False|False|False|0|0||10|True|12|1232|
251|False|True|False|False|False|False|0|0|||True|12|1377|
252|True|True|False|False|False|False|0|0||10|True|12|1463|
253|True|True|False|False|False|False|0|0||9|True|12|1703|
254|True|True|False|False|False|False|0|0||10|True|12|1864|
255|True|True|False|False|False|False|0|0||10|True|12|1933|
256|True|True|False|False|False|False|0|0||10|True|12|2032|
257|True|True|False|False|False|False|0|0||9|True|12|2384|
258|False|True|False|False|False|False|0|0|||True|12|2579|
259|True|True|False|False|False|False|0|0||10|True|12|2619|
260|False|False|False|False|False|False|0|0|||False|12|3231|
261|True|True|False|False|False|False|0|0||10|True|12|3240|
262|True|True|False|False|False|False|0|0||10|True|12|3302|
263|True|True|False|False|False|False|0|0||10|True|12|3431|
264|True|True|False|False|False|False|0|0||10|True|12|3472|
265|True|True|False|False|False|False|0|0||10|True|12|4131|
266|True|True|False|False|False|False|0|0||10|True|12|4511|
267|True|True|False|False|False|False|0|0||10|True|12|4919|
268|True|True|False|False|False|False|0|0||10|True|12|5369|
269|True|True|False|False|False|False|0|0||9|True|13|124|
270|True|True|False|False|False|False|0|0||10|True|13|477|
271|False|False|False|False|False|False|0|0|||False|13|581|
272|False|False|False|False|False|False|0|0|||False|13|817|
273|True|True|False|False|False|False|0|0||10|True|13|1076|
274|True|True|False|False|False|False|0|0||10|True|13|1232|
275|True|True|False|False|False|False|0|0||10|True|13|1352|
276|True|True|False|False|False|False|0|0||10|True|13|1843|
277|False|False|False|False|False|False|0|0|||False|13|1927|
278|False|False|False|False|False|False|0|0|||False|13|2065|
279|True|True|False|False|False|False|0|0||10|True|13|2725|
280|False|False|False|False|False|False|0|0|||False|13|2776|
281|True|True|False|False|False|False|0|0||10|True|13|3024|
282|False|False|False|False|False|False|0|0|||False|13|3200|
283|True|True|False|False|False|False|0|0||10|True|13|3666|
284|True|True|False|False|False|False|0|0||10|True|13|3972|
285|True|True|False|False|False|False|0|0||10|True|13|4201|
286|True|True|False|False|False|False|0|0||9|True|13|4387|
287|True|True|False|False|False|False|0|0||8|True|13|4748|
288|True|True|False|False|False|False|0|0||10|True|13|4904|
289|False|False|False|False|False|False|0|0|||False|13|5098|
290|True|True|False|False|False|False|0|0||10|True|13|5188|
291|True|True|False|False|False|False|0|0||10|True|13|5220|
292|True|True|False|False|False|False|0|0||10|True|13|5428|
293|True|True|False|False|False|False|0|0||9|True|13|5493|
294|True|True|False|False|False|False|0|0||10|True|14|283|
295|True|True|False|False|False|False|0|0||10|True|14|472|
296|True|True|False|False|False|False|0|0||10|True|14|987|
297|False|False|False|False|False|False|0|0|||False|14|1059|
298|False|False|False|False|False|False|0|0|||False|14|1450|
299|True|True|False|False|False|False|0|0||10|True|14|1670|
300|True|True|False|False|False|False|0|0||10|True|14|1720|
301|True|True|False|False|False|False|0|0||10|True|14|1738|
302|True|True|False|False|False|False|0|0||10|True|14|1864|
303|False|True|False|False|False|False|0|0||7|True|14|2094|
304|True|True|False|False|False|False|0|0||10|True|14|3173|
305|True|True|False|False|False|False|0|0||10|True|14|3513|
306|True|True|False|False|False|False|0|0||10|True|14|4367|
307|False|True|False|False|False|False|0|0|||False|14|4488|
308|False|True|False|False|False|False|0|0|||False|14|4914|
309|True|True|False|False|False|False|0|0||10|True|14|5019|
310|True|True|False|False|False|False|0|0||10|True|14|5469|
311|False|False|False|False|False|False|0|0|||False|15|60|
312|True|True|False|False|False|False|0|0||10|True|15|477|
313|True|True|False|False|False|False|0|0||10|True|15|747|
314|False|False|False|False|True|False|0|0|||False|15|754|
315|False|False|False|False|False|False|0|0|||False|15|991|
316|False|False|False|False|False|False|0|0|||True|15|1103|
317|True|True|False|False|False|False|0|0||10|True|15|1814|
318|True|True|False|False|False|False|0|0||10|False|15|1864|
319|True|True|False|False|False|False|0|0||10|True|15|1901|
320|False|False|False|False|False|False|0|0|||False|15|2109|
321|False|False|False|False|False|False|0|0|||False|15|2619|
322|True|True|False|False|False|False|0|0||10|True|15|3086|
323|True|True|False|False|False|False|0|0||10|False|15|3372|
324|True|True|False|False|False|False|0|0||10|True|15|3528|
325|False|False|False|False|True|False|0|0|||False|15|3880|
326|True|True|False|False|False|False|0|0||10|True|15|3892|
327|True|True|False|False|False|False|0|0||10|True|15|4622|
328|True|True|False|False|False|False|0|0||10|True|15|4626|
329|True|True|False|False|False|False|0|0||10|False|15|4960|
330|False|False|False|False|False|False|0|0|||False|15|5012|
331|True|True|False|False|False|False|0|0||10|True|15|5421|
332|True|True|False|False|False|False|0|0||10|True|15|5516|
333|True|True|False|False|False|False|0|0||10|True|16|407|
334|False|False|False|False|False|False|0|0|||False|16|747|
335|True|True|False|False|False|False|0|0||8|True|16|1103|
336|True|True|False|False|False|False|0|0||8|True|16|1147|
337|True|True|False|False|False|False|0|0||8|True|16|1864|
338|False|False|False|False|False|False|0|0|||False|16|2527|
339|True|True|False|False|False|False|0|0||8|True|16|2725|
340|True|True|False|False|False|False|0|0||10|True|16|3259|
341|True|True|False|False|False|False|0|0||10|False|16|3269|
342|True|True|False|False|False|False|0|0||8|True|16|3302|
343|True|True|False|False|False|False|0|0||10|True|16|3519|
344|True|True|False|False|False|False|0|0||10|True|16|3742|
345|True|True|False|False|False|False|0|0||10|True|16|3892|
346|True|True|False|False|False|False|0|0||10|True|16|3910|
347|True|True|False|False|False|False|0|0||8|True|16|4036|
348|True|True|False|False|False|False|0|0||8|True|16|4224|
349|False|False|False|False|False|False|0|0|||False|16|4622|
350|True|True|False|False|False|False|0|0||10|True|16|4626|
351|True|True|False|False|False|False|0|0||8|True|16|5220|
352|True|True|False|False|False|False|0|0||8|True|16|5379|
353|True|True|False|False|False|False|0|0||8|False|16|5516|
354|False|True|False|False|False|False|0|0|'NP'||False|17|192|
355|False|False|False|False|False|False|0|0|'NP'||False|17|232|
356|True|True|False|False|False|False|0|0||10|True|17|247|
357|True|True|False|False|False|False|0|0||10|True|17|772|
358|True|True|False|False|False|False|0|0||10|True|17|1463|
359|True|True|False|False|False|False|0|0||9|True|17|1703|
360|False|False|False|False|True|False|0|0|||False|17|1738|
361|True|True|False|False|False|False|0|0||10|True|17|1864|
362|True|True|False|False|False|False|0|0||9|True|17|2174|
363|True|True|False|False|False|False|0|0||10|False|17|2241|
364|True|True|False|False|False|False|0|0||10|True|17|2517|
365|False|False|False|False|False|False|0|0|'NP'||False|17|2527|
366|True|True|False|False|False|False|0|0||10|True|17|2634|
367|True|True|False|False|False|False|0|0||10|True|17|2696|
368|False|False|False|False|False|False|0|0|'NP'||False|17|2725|
369|True|True|False|False|False|False|0|0||10|True|17|2831|
370|False|False|False|False|True|False|0|0|||False|17|3020|
371|True|True|False|False|False|False|0|0||10|True|17|3237|
372|False|False|False|False|True|False|0|0|||False|17|3528|
373|False|False|False|False|False|False|0|0|'NP'||False|17|4151|
374|False|False|False|False|True|False|0|0|||False|17|4166|
375|True|True|False|False|False|False|0|0||10|True|17|4386|
376|True|True|False|False|False|False|0|0||10|False|17|4432|
377|False|True|False|False|False|False|0|0|'NP'||False|17|4730|
378|False|True|False|False|False|False|0|0|'NP'||False|17|4928|
379|True|True|False|False|False|False|0|0||10|True|17|5012|
380|True|True|False|False|False|False|0|0||10|True|17|5098|
381|True|True|False|False|False|False|0|0||10|True|17|5193|
382|True|True|False|False|False|False|0|0||10|True|18|140|
383|True|True|False|False|False|False|0|0||10|True|18|1738|
384|True|True|False|False|False|False|0|0||10|False|18|2288|
385|True|True|False|False|False|False|0|0||10|False|18|2355|
386|False|False|False|False|False|False|0|0|||False|18|2688|
387|False|False|False|False|False|False|0|0|||False|18|2812|
388|True|True|False|False|False|False|0|0||10|True|18|2827|
389|True|True|False|False|False|False|0|0||10|True|18|3552|
390|True|True|False|False|False|False|0|0||10|True|18|3910|
391|True|True|False|False|False|False|0|0||10|False|18|4059|
392|True|True|False|False|False|False|0|0||8|False|18|4325|
393|True|True|False|False|False|False|0|0||10|False|18|4347|
394|False|False|False|False|False|False|0|0|||False|18|4367|
395|False|False|False|False|False|False|0|0|||False|18|4488|
396|False|False|False|False|False|False|0|0|||False|18|5012|
397|False|False|False|False|False|False|0|0|||False|18|5098|
398|True|True|False|False|False|False|0|0||8|False|18|5379|
399|True|True|False|False|False|False|0|0||10|True|18|5531|
400|False|False|False|False|True|False|0|0|||False|19|9|
401|True|True|False|False|False|False|0|0||10|True|19|233|
402|True|True|False|False|False|False|0|0||10|True|19|448|
403|False|True|False|False|False|False|0|0||5|True|19|929|
404|False|True|False|False|False|False|0|0||5|True|19|951|
405|False|False|False|False|True|False|0|0|||False|19|1782|
406|True|True|False|False|False|False|0|0||9|True|19|2012|
407|True|True|False|False|False|False|0|0||8|True|19|2018|
408|True|True|False|False|False|False|0|0||10|True|19|2155|
409|True|True|False|False|False|False|0|0||10|True|19|2360|
410|False|False|False|False|False|False|0|0|||False|19|2527|
411|True|True|False|False|False|False|0|0||6|True|19|2748|
412|True|True|False|False|False|False|0|0||8|True|19|2925|
413|True|True|False|False|False|False|0|0||10|True|19|2996|
414|True|True|False|False|False|False|0|0||10|True|19|3150|
415|False|True|False|False|False|False|0|0||5|True|19|3253|
416|True|True|False|False|False|False|0|0||10|True|19|3280|
417|False|False|False|False|False|False|0|0|||False|19|3540|
418|False|True|False|False|False|False|0|0||5|True|19|3732|
419|True|True|False|False|False|False|0|0||10|True|19|3802|
420|False|False|False|False|True|False|0|0|||False|19|3867|
421|True|True|False|False|False|False|0|0||10|True|19|3896|
422|False|False|False|False|False|False|0|0|||False|19|4365|
423|True|True|False|False|False|False|0|0||8|True|19|4386|
424|True|True|False|False|False|False|0|0||9|False|19|4538|
425|True|True|False|False|False|False|0|0||10|True|19|4750|
426|True|True|False|False|False|False|0|0||10|True|19|4846|
427|False|False|False|False|False|False|0|0|||False|19|5098|
428|True|True|False|False|False|False|0|0||10|True|20|5|
429|False|False|False|False|True|False|0|0|||False|20|9|
430|False|False|False|False|True|False|0|0|||False|20|12|
431|True|True|False|False|False|False|0|0||10|True|20|448|
432|True|True|False|False|False|False|0|0||10|True|20|1402|
433|True|True|False|False|False|False|0|0||10|True|20|1446|
434|True|True|False|False|False|False|0|0||10|True|20|1670|
435|True|True|False|False|False|False|0|0||10|True|20|1762|
436|True|True|False|False|False|False|0|0||10|True|20|2018|
437|True|True|False|False|False|False|0|0||10|True|20|2493|
438|False|False|False|False|True|False|0|0|||False|20|2590|
439|True|True|False|False|False|False|0|0||10|False|20|2776|
440|True|True|False|False|False|False|0|0||10|True|20|2917|
441|False|False|False|False|False|False|0|0|||False|20|2948|
442|True|True|False|False|False|False|0|0||10|True|20|3280|
443|True|True|False|False|False|False|0|0||10|True|20|3965|
444|True|True|False|False|False|False|0|0||10|True|20|4356|
445|True|True|False|False|False|False|0|0||10|True|20|4713|
446|False|False|False|False|False|False|0|0|||False|20|5098|
447|True|True|False|False|False|False|0|0||10|True|20|5397|
448|False|False|False|False|False|False|0|0|||False|20|5440|
449|True|True|False|False|False|False|0|0||10|True|21|60|
450|True|True|False|False|False|False|0|0||10|True|21|505|
451|False|False|False|False|True|False|0|0|||False|21|533|
452|True|True|False|False|False|False|0|0||10|True|21|700|
453|True|True|False|False|False|False|0|0||10|True|21|935|
454|True|True|False|False|False|False|0|0||9|True|21|993|
455|True|True|False|False|False|False|0|0||10|True|21|1164|
456|True|True|False|False|False|False|0|0||10|True|21|1307|
457|True|True|False|False|False|False|0|0||8|True|21|1347|
458|True|True|False|False|False|False|0|0||10|True|21|1406|
459|True|True|False|False|False|False|0|0||10|True|21|1744|
460|True|True|False|False|False|False|0|0||10|True|21|1828|
461|True|True|False|False|False|False|0|0||10|True|21|2174|
462|True|True|False|False|False|False|0|0||10|True|21|2622|
463|False|False|False|False|True|False|0|0|||False|21|2917|
464|True|True|False|False|False|False|0|0||10|True|21|2923|
465|True|True|False|False|False|False|0|0||10|True|21|3052|
466|False|False|False|False|False|False|0|0|||False|21|3270|
467|False|False|False|False|True|False|0|0|||False|21|3343|
468|True|True|False|False|False|False|0|0||10|True|21|3476|
469|True|True|False|False|False|False|0|0||10|True|21|3691|
470|True|True|False|False|False|False|0|0||9|True|21|3970|
471|True|True|False|False|False|False|0|0||10|True|21|4862|
472|True|True|False|False|False|False|0|0||10|True|21|4942|
473|True|True|False|False|False|False|0|0||10|True|21|5225|
474|False|False|False|False|True|False|0|0|||False|21|5538|
475|True|True|False|False|False|False|0|0||10|True|22|3|
476|True|True|False|False|False|False|0|0||10|True|22|8|
477|True|True|False|False|False|False|0|0||10|True|22|13|
478|True|True|False|False|False|False|0|0||10|True|22|15|
479|True|True|False|False|False|False|0|0||10|True|22|993|
480|True|True|False|False|False|False|0|0||10|True|22|1099|
481|True|True|False|False|False|False|0|0||10|True|22|1709|
482|True|True|False|False|False|False|0|0||10|True|22|1747|
483|False|False|False|False|True|False|0|0|||False|22|2174|
484|True|True|False|False|False|False|0|0||10|True|22|2319|
485|True|True|False|False|False|False|0|0||10|True|22|2354|
486|True|True|False|False|False|False|0|0||10|True|22|2387|
487|False|False|False|False|True|False|0|0|||False|22|2398|
488|True|True|False|False|False|False|0|0||10|True|22|2949|
489|True|True|False|False|False|False|0|0||10|True|22|3051|
490|False|False|False|False|False|False|0|0|||False|22|3270|
491|True|True|False|False|False|False|0|0||10|True|22|3330|
492|True|True|False|False|False|False|0|0||10|True|22|3343|
493|True|True|False|False|False|False|0|0||10|True|22|3382|
494|True|True|False|False|False|False|0|0||10|True|22|3480|
495|True|True|False|False|False|False|0|0||10|True|22|4089|
496|True|True|False|False|False|False|0|0||10|True|22|4402|
497|True|True|False|False|False|False|0|0||10|True|22|4480|
498|True|True|False|False|False|False|0|0||10|True|22|4995|
499|False|False|False|False|False|False|0|0|||False|22|5041|
500|True|True|False|False|False|False|0|0||10|True|22|5266|
501|False|False|False|False|True|False|0|0|||False|22|5369|
502|False|False|False|False|False|False|0|0|||False|23|233|
503|False|False|False|False|False|False|0|0|||False|23|885|
504|False|False|False|False|False|False|0|0|||False|23|1103|
505|False|False|False|False|False|False|0|0|||False|23|1305|
506|False|False|False|False|False|False|0|0|||False|23|1648|
507|False|False|False|False|False|False|0|0|||False|23|1833|
508|False|False|False|False|False|False|0|0|||False|23|2174|
509|False|False|False|False|False|False|0|0|||False|23|2260|
510|False|False|False|False|False|False|0|0|||False|23|2888|
511|False|False|False|False|True|False|0|0|||False|23|2956|
512|False|False|False|False|False|False|0|0|||False|23|3052|
513|False|False|False|False|False|False|0|0|||False|23|3231|
514|False|False|False|False|False|False|0|0|||False|23|4110|
515|False|False|False|False|False|False|0|0|||False|23|4960|
516|False|False|False|False|False|False|0|0|||False|23|5169|
517|False|False|False|False|False|False|0|0|||False|23|5293|
518|True|True|False|False|False|False|0|0||10|True|24|5|
519|True|True|False|False|False|False|0|0||9|False|24|416|
520|True|True|False|False|False|False|0|0||10|True|24|723|
521|True|True|False|False|False|False|0|0||10|True|24|1371|
522|False|False|False|False|False|False|0|0|||False|24|1864|
523|True|True|False|False|False|False|0|0||10|True|24|1901|
524|True|True|False|False|False|False|0|0||10|True|24|2356|
525|True|True|False|False|False|False|0|0||10|True|24|2722|
526|True|True|False|False|False|False|0|0||10|True|24|3220|
527|False|False|False|False|True|False|0|0|||False|24|3519|
528|True|True|False|False|False|False|0|0||9|True|24|3528|
529|True|True|False|False|False|False|0|0||10|True|24|3892|
530|True|True|False|False|False|False|0|0||10|False|24|3910|
531|False|False|False|False|False|False|0|0|||False|24|4151|
532|True|True|False|False|False|False|0|0||10|False|24|4626|
533|True|True|False|False|False|False|0|0||9|True|24|4713|
534|False|False|False|False|False|False|0|0|||False|24|5143|
535|True|True|False|False|False|False|0|0||9|True|25|259|
536|True|True|False|False|False|False|0|0||10|True|25|407|
537|True|True|False|False|False|False|0|0||10|False|25|477|
538|True|True|False|False|False|False|0|0||10|True|25|747|
539|False|False|False|False|True|False|0|0|||False|25|1371|
540|False|False|False|False|True|False|0|0|||False|25|1515|
541|False|False|False|False|False|False|0|0|||True|25|1766|
542|True|True|False|False|False|False|0|0||10|True|25|1864|
543|True|True|False|False|False|False|0|0||10|True|25|2008|
544|True|True|False|False|False|False|0|0||10|True|25|2152|
545|True|True|False|False|False|False|0|0||10|True|25|3173|
546|True|True|False|False|False|False|0|0||10|True|25|3220|
547|True|True|False|False|False|False|0|0||9|True|25|3502|
548|True|True|False|False|False|False|0|0||10|True|25|3519|
549|True|True|False|False|False|False|0|0||9|True|25|3528|
550|True|True|False|False|False|False|0|0||10|False|25|3892|
551|True|True|False|False|False|False|0|0||10|True|25|3910|
552|False|False|False|False|True|False|0|0|||False|25|4626|
553|True|True|False|False|False|False|0|0||10|True|25|4960|
554|True|True|False|False|False|False|0|0||10|True|25|5220|
555|False|False|False|False|True|False|0|0|||False|25|5239|
556|True|True|False|False|False|False|0|0||10|True|25|5512|
557|True|True|False|False|False|False|0|0||10|True|26|5|
558|False|False|False|False|True|False|0|0|||False|26|204|
559|True|True|False|False|False|False|0|0||10|True|26|444|
560|True|True|False|False|False|False|0|0||10|True|26|680|
561|True|True|False|False|False|False|0|0||10|True|26|743|
562|True|True|False|False|False|False|0|0||10|True|26|913|
563|True|True|False|False|False|False|0|0||8|True|26|963|
564|True|True|False|False|False|False|0|0||8|True|26|1446|
565|True|True|False|False|False|False|0|0||10|True|26|1553|
566|True|True|False|False|False|False|0|0||8|True|26|1714|
567|True|True|False|False|False|False|0|0||10|True|26|1784|
568|False|False|False|False|False|False|0|0|||False|26|1835|
569|True|True|False|False|False|False|0|0||8|True|26|2098|
570|True|True|False|False|False|False|0|0||10|True|26|2725|
571|True|True|False|False|False|False|0|0||8|True|26|2834|
572|True|True|False|False|False|False|0|0||10|True|26|2917|
573|True|True|False|False|False|False|0|0||8|True|26|3441|
574|False|False|False|False|False|False|0|0|||False|27|269|
575|False|False|False|False|False|False|0|0|||False|27|448|
576|True|True|False|False|False|False|0|0||10|True|27|495|
577|False|True|False|False|False|False|0|0|||False|27|986|
578|False|False|False|False|True|False|0|0|||False|27|993|
579|True|True|False|False|False|False|0|0||10|True|27|1103|
580|True|True|False|False|False|False|0|0||8|True|27|2008|
581|False|False|False|False|False|False|0|0|||False|27|2182|
582|True|True|False|False|False|False|0|0||8|True|27|2260|
583|True|True|False|False|False|False|0|0||10|True|27|2685|
584|True|True|False|False|False|False|0|0||10|False|27|2757|
585|False|False|False|False|False|False|0|0|||False|27|3046|
586|False|False|False|False|False|False|0|0|||False|27|3302|
587|True|True|False|False|False|False|0|0||10|True|27|3502|
588|True|True|False|False|False|False|0|0||8|True|27|3783|
589|True|True|False|False|False|False|0|0||8|False|27|4151|
590|True|True|False|False|False|False|0|0||10|True|27|4347|
591|True|True|False|False|False|False|0|0||8|False|27|4542|
592|False|True|False|False|False|False|0|0|||True|27|4865|
593|False|True|False|False|False|False|0|0|||False|27|4866|
594|True|True|False|False|False|False|0|0||10|True|27|5456|
595|False|False|False|False|True|False|0|0|||False|28|5|
596|True|True|False|False|False|False|0|0||10|False|28|295|
597|False|False|False|False|True|False|0|0|||False|28|993|
598|True|True|False|False|False|False|0|0||10|False|28|1022|
599|False|False|False|False|False|False|0|0|||False|28|1305|
600|False|False|False|False|True|False|0|0|||False|28|1406|
601|True|True|False|False|False|False|0|0||10|False|28|1720|
602|False|False|False|False|False|False|0|0|||False|28|2012|
603|False|False|False|False|False|False|0|0|||False|28|2090|
604|False|False|False|False|False|False|0|0|||False|28|2174|
605|True|True|False|False|False|False|0|0||10|False|28|2259|
606|True|True|False|False|False|False|0|0||10|False|28|2606|
607|True|True|False|False|False|False|0|0||10|False|28|2622|
608|False|False|False|False|False|False|0|0|||False|28|2799|
609|True|True|False|False|False|False|0|0||10|False|28|4344|
610|False|False|False|False|False|False|0|0|||False|28|4387|
611|False|False|False|False|True|False|0|0|||False|28|5012|
612|True|True|False|False|False|False|0|0||10|False|28|5169|
613|True|True|False|False|False|False|0|0||10|False|28|5220|
614|False|False|False|False|False|False|0|0|||False|29|11|
615|False|False|False|False|False|False|0|0|||False|29|986|
616|False|False|False|False|False|False|0|0|||False|29|1286|
617|False|False|False|False|False|False|0|0|||False|29|2827|
618|False|False|False|False|False|False|0|0|||False|29|3712|
619|False|False|False|False|False|False|0|0|||False|29|3898|
620|False|False|False|False|False|False|0|0|||False|29|4960|
621|False|False|False|False|False|False|0|0|||False|29|5098|
622|True|True|False|False|False|False|0|0||10|True|30|1015|
623|True|True|False|False|False|False|0|0||10|True|30|1165|
624|True|True|False|False|False|False|0|0||8|True|30|1328|
625|True|True|False|False|False|False|0|0||10|True|30|2225|
626|False|False|False|False|False|False|0|0|||False|30|2334|
627|True|True|False|False|False|False|0|0||7|True|30|2357|
628|False|False|False|False|True|False|0|0|||False|30|2556|
629|True|True|False|False|False|False|0|0||10|True|30|2595|
630|False|False|False|False|False|False|0|0|||False|30|2621|
631|True|True|False|False|False|False|0|0||8|True|30|2696|
632|False|False|False|False|True|False|0|0|||False|30|3014|
633|False|False|False|False|False|False|0|0|||False|30|3046|
634|False|False|False|False|True|False|0|0|||False|30|3177|
635|False|False|False|False|False|False|0|0|||False|30|3226|
636|True|True|False|False|False|False|0|0||10|True|30|3283|
637|True|True|False|False|False|False|0|0||10|True|30|3712|
638|True|True|False|False|False|False|0|0||10|True|30|3880|
639|False|False|False|False|False|False|0|0|||False|30|3898|
640|True|True|False|False|False|False|0|0||10|True|30|4092|
641|True|True|False|False|False|False|0|0||10|True|30|4175|
642|True|True|False|False|False|False|0|0||10|True|30|4308|
643|False|True|False|False|False|False|0|0||5|True|30|4386|
644|True|True|False|False|False|False|0|0||10|True|30|4390|
645|True|True|False|False|False|False|0|0||10|True|30|4432|
646|True|True|False|False|False|False|0|0||9|True|30|4730|
647|True|True|False|False|False|False|0|0||10|True|30|4771|
648|False|False|False|False|False|False|0|0|||False|30|5258|
649|False|False|False|False|True|False|0|0|||False|30|5315|
650|False|False|False|False|False|False|0|0|||False|30|5381|
651|True|True|False|False|False|False|0|0||10|True|31|913|
652|True|True|False|False|False|False|0|0||10|True|31|1502|
653|True|True|False|False|False|False|0|0||10|True|31|1515|
654|True|True|False|False|False|False|0|0||8|True|31|1648|
655|True|True|False|False|False|False|0|0||10|True|31|1744|
656|True|True|False|False|False|False|0|0||10|True|31|1766|
657|True|True|False|False|False|False|0|0||10|True|31|1901|
658|True|True|False|False|False|False|0|0||9|True|31|2011|
659|True|True|False|False|False|False|0|0||10|True|31|2357|
660|True|True|False|False|False|False|0|0||10|True|31|2606|
661|True|True|False|False|False|False|0|0||10|True|31|2716|
662|True|True|False|False|False|False|0|0||10|True|31|2733|
663|True|True|False|False|False|False|0|0||10|True|31|2831|
664|False|False|False|False|True|False|0|0|||False|31|3285|
665|False|False|False|False|False|False|0|0|||False|31|4564|
666|True|True|False|False|False|False|0|0||10|True|31|4622|
667|False|False|False|False|False|False|0|0|||False|31|4914|
668|True|True|False|False|False|False|0|0||10|True|31|5204|
669|False|False|False|False|False|False|0|0|||False|31|5379|
670|False|False|False|False|False|False|0|0|||False|31|5538|
671|False|False|False|False|False|False|0|0|||False|32|1|
672|True|True|False|False|False|False|0|0||9|True|32|4|
673|False|False|False|False|False|False|0|0||5|False|32|14|
674|True|True|False|False|False|False|0|0||9|True|32|255|
675|True|True|False|False|False|False|0|0||9|True|32|436|
676|True|True|False|False|False|False|0|0||10|True|32|833|
677|False|False|False|False|False|False|0|0||5|False|32|836|
678|False|False|False|False|True|False|0|0|||False|32|933|
679|True|True|False|False|False|False|0|0||9|True|32|987|
680|True|True|False|False|False|False|0|0||9|True|32|1362|
681|True|True|False|False|False|False|0|0||9|True|32|1439|
682|True|True|False|False|False|False|0|0||10|True|32|1502|
683|True|True|False|False|False|False|0|0||9|True|32|1515|
684|True|True|False|False|False|False|0|0||10|True|32|1690|
685|True|True|False|False|False|False|0|0||10|True|32|1766|
686|True|True|False|False|False|False|0|0||10|True|32|2174|
687|False|False|False|False|False|False|0|0|||False|32|2241|
688|False|False|False|False|False|False|0|0||5|False|32|2373|
689|False|False|False|False|False|False|0|0|||False|32|2517|
690|False|False|False|False|True|False|0|0|||False|32|2831|
691|True|True|False|False|False|False|0|0||9|True|32|2906|
692|True|True|False|False|False|False|0|0||9|True|32|3772|
693|True|True|False|False|False|False|0|0||9|True|32|4012|
694|False|False|False|False|True|False|0|0|||False|32|4115|
695|True|True|False|False|False|False|0|0||10|True|32|5223|
696|True|True|False|False|False|False|0|0||10|True|32|5296|
697|False|False|False|False|False|False|0|0|||False|32|5310|
698|True|True|False|False|False|False|0|0||9|True|33|747|
699|True|True|False|False|False|False|0|0||8|True|33|1515|
700|False|False|False|False|False|False|0|0|||False|33|1823|
701|True|True|False|False|False|False|0|0||9|True|33|1850|
702|True|True|False|False|False|False|0|0||9|False|33|1901|
703|True|True|False|False|False|False|0|0||10|True|33|2012|
704|True|True|False|False|False|False|0|0||9|False|33|2023|
705|True|True|False|False|False|False|0|0||10|True|33|2054|
706|False|False|False|False|False|False|0|0|||False|33|2590|
707|True|True|False|False|False|False|0|0||10|True|33|3519|
708|True|True|False|False|False|False|0|0||9|True|33|3528|
709|True|True|False|False|False|False|0|0||8|False|33|3742|
710|True|True|False|False|False|False|0|0||9|True|33|3810|
711|True|True|False|False|False|False|0|0||9|True|33|3850|
712|True|True|False|False|False|False|0|0||10|True|33|3892|
713|True|True|False|False|False|False|0|0||10|True|33|4191|
714|True|True|False|False|False|False|0|0||10|True|33|4201|
715|True|True|False|False|False|False|0|0||10|True|33|4571|
716|True|True|False|False|False|False|0|0||8|True|33|4960|
717|False|False|False|False|False|False|0|0|||False|33|5012|
718|False|False|False|False|False|False|0|0|||False|33|5379|
719|True|True|False|False|False|False|0|0||10|True|33|5421|
720|True|True|False|False|False|False|0|0||10|True|34|477|
721|True|True|False|False|False|False|0|0||10|True|34|987|
722|True|True|False|False|False|False|0|0||10|True|34|1864|
723|False|False|False|False|False|False|0|0|||False|34|1901|
724|True|True|False|False|False|False|0|0||10|True|34|2152|
725|True|True|False|False|False|False|0|0||10|True|34|2524|
726|True|True|False|False|False|False|0|0||10|True|34|3173|
727|True|True|False|False|False|False|0|0||10|True|34|3313|
728|True|True|False|False|False|False|0|0||10|True|34|3519|
729|True|True|False|False|False|False|0|0||10|True|34|3892|
730|True|True|False|False|False|False|0|0||10|True|34|4362|
731|True|True|False|False|False|False|0|0||10|True|34|4960|
732|True|True|False|False|False|False|0|0||10|True|34|5078|
733|True|True|False|False|False|False|0|0||10|True|34|5220|
734|True|True|False|False|False|False|0|0||10|True|34|5421|
735|False|False|False|False|True|False|0|0|||False|35|10|
736|False|False|False|False|False|False|0|0|||False|35|144|
737|False|False|False|False|False|False|0|0|||False|35|259|
738|False|False|False|False|False|False|0|0|||True|35|986|
739|True|True|False|False|False|False|0|0||10|True|35|1012|
740|True|True|False|False|False|False|0|0||10|True|35|1140|
741|True|True|False|False|False|False|0|0||10|True|35|1250|
742|False|False|False|False|False|False|0|0|||False|35|1275|
743|True|True|False|False|False|False|0|0||7|False|35|1330|
744|False|False|False|False|True|False|0|0|||False|35|1367|
745|True|True|False|False|False|False|0|0||10|True|35|1477|
746|False|False|False|False|False|False|0|0|||True|35|1828|
747|False|False|False|False|False|False|0|0|||False|35|2373|
748|False|False|False|False|False|False|0|0||5|False|35|2737|
749|False|False|False|False|False|False|0|0|||False|35|3046|
750|True|True|False|False|False|False|0|0||10|True|35|3052|
751|True|True|False|False|False|False|0|0||10|True|35|3606|
752|True|True|False|False|False|False|0|0||10|True|35|3635|
753|True|True|False|False|False|False|0|0||10|True|35|3892|
754|True|True|False|False|False|False|0|0||10|True|35|4203|
755|False|False|False|False|False|False|0|0|||False|35|4240|
756|True|True|False|False|False|False|0|0||10|True|35|4502|
757|False|False|False|False|False|False|0|0|||False|35|4557|
758|False|False|False|False|True|False|0|0|||False|35|4792|
759|True|True|False|False|False|False|0|0||10|True|35|4960|
760|False|False|False|False|False|False|0|0|||False|35|4968|
761|True|True|False|False|False|False|0|0||10|True|35|5223|
762|False|False|False|False|True|False|0|0|||False|35|5369|
763|True|True|False|False|False|False|0|0||10|True|36|2|
764|False|False|False|False|False|False|0|0|||False|36|14|
765|True|True|False|False|False|False|0|0||10|True|36|354|
766|True|True|False|False|False|False|0|0||10|True|36|692|
767|True|True|False|False|False|False|0|0||10|True|36|731|
768|False|False|False|False|False|False|0|0|||False|36|907|
769|True|True|False|False|False|False|0|0||10|False|36|919|
770|True|True|False|False|False|False|0|0||8|True|36|1072|
771|False|False|False|False|False|False|0|0|||False|36|1088|
772|True|True|False|False|False|False|0|0||10|True|36|1112|
773|False|False|False|False|False|False|0|0|||False|36|1455|
774|True|True|False|False|False|False|0|0||9|False|36|1533|
775|False|False|False|False|True|False|0|0|||False|36|1795|
776|False|True|False|False|False|False|0|0|||True|36|1970|
777|True|True|False|False|False|False|0|0||10|True|36|1985|
778|False|False|False|False|False|False|0|0|||False|36|2754|
779|True|True|False|False|False|False|0|0||10|False|36|2795|
780|True|True|False|False|False|False|0|0||10|True|36|2827|
781|True|True|False|False|False|False|0|0||10|False|36|3047|
782|False|True|False|False|False|False|0|0|||True|36|3216|
783|True|True|False|False|False|False|0|0||10|False|36|3269|
784|True|True|False|False|False|False|0|0||10|True|36|3527|
785|True|True|False|False|False|False|0|0||9|False|36|5042|
786|False|False|False|False|False|False|0|0|||False|36|5296|
787|True|True|False|False|False|False|0|0||10|True|36|5396|
788|False|False|False|False|False|False|0|0|||False|36|5505|
789|False|False|False|False|False|False|0|0|||False|37|1103|
790|False|False|False|False|False|False|0|0|||False|37|1325|
791|False|False|False|False|False|False|0|0|||False|37|3738|
792|False|False|False|False|False|False|0|0|||False|38|1630|
793|False|False|False|False|False|False|0|0|||False|38|1720|
794|False|False|False|False|False|False|0|0|||False|38|2054|
795|False|False|False|False|False|False|0|0|||False|38|2131|
796|False|False|False|False|False|False|0|0|||False|39|1461|
797|False|False|False|False|False|False|0|0|||False|39|1597|
798|False|False|False|False|False|False|0|0|||False|39|2018|
799|False|False|False|False|False|False|0|0|||False|39|2327|
800|False|False|False|False|False|False|0|0|||False|39|2493|
801|False|False|False|False|False|False|0|0|||False|39|2538|
802|False|False|False|False|False|False|0|0|||False|39|2640|
803|False|False|False|False|False|False|0|0|||False|39|2725|
804|False|False|False|False|False|False|0|0|||False|39|2765|
805|False|False|False|False|False|False|0|0|||False|39|2927|
806|False|False|False|False|False|False|0|0|||False|39|3344|
807|False|False|False|False|False|False|0|0|||False|40|1103|
808|False|False|False|False|False|False|0|0|||False|40|2749|
809|False|False|False|False|False|False|0|0|||False|40|3910|
810|False|False|False|False|False|False|0|0|||False|40|3924|
811|False|False|False|False|False|False|0|0|||False|40|4059|
812|False|False|False|False|False|False|0|0|||False|40|5012|
813|False|False|False|False|False|False|0|0|||False|41|1933|
814|False|False|False|False|False|False|0|0|||False|41|2765|
815|False|False|False|False|False|False|0|0|||False|41|3173|
816|False|False|False|False|False|False|0|0|||False|41|4564|
817|False|False|False|False|False|False|0|0|||False|41|5396|
818|False|False|False|False|False|False|0|0|||False|42|2524|
819|False|False|False|False|False|False|0|0|||False|42|3288|
820|False|False|False|False|False|False|0|0|||False|42|3519|
821|False|False|False|False|False|False|0|0|||False|42|4713|
822|False|False|False|False|False|False|0|0|||False|42|5078|
823|False|False|False|False|False|False|0|0|||False|42|5143|
824|False|False|False|False|False|False|0|0|||False|42|5469|
825|False|False|False|False|False|False|0|0|||False|43|1371|
826|False|False|False|False|False|False|0|0|||False|43|2054|
827|False|False|False|False|False|False|0|0|||False|43|3519|
828|False|False|False|False|False|False|0|0|||False|43|3850|
829|False|False|False|False|False|False|0|0|||False|43|4626|
830|False|False|False|False|False|False|0|0|||False|43|5098|
831|False|False|False|False|False|False|0|0|||False|43|5421|
832|False|False|False|False|False|False|0|0|||False|44|57|
833|False|False|False|False|False|False|0|0|||False|44|140|
834|False|False|False|False|False|False|0|0|||False|44|230|
835|False|False|False|False|False|False|0|0|||False|44|935|
836|False|False|False|False|False|False|0|0|||False|44|1461|
837|False|False|False|False|False|False|0|0|||False|44|1597|
838|False|False|False|False|False|False|0|0|||False|44|1747|
839|False|False|False|False|False|False|0|0|||False|44|1785|
840|False|False|False|False|False|False|0|0|||False|44|2327|
841|False|False|False|False|False|False|0|0|||False|44|2527|
842|False|False|False|False|False|False|0|0|||False|44|2538|
843|False|False|False|False|False|False|0|0|||False|44|2634|
844|False|False|False|False|False|False|0|0|||False|44|2640|
845|False|False|False|False|False|False|0|0|||False|44|2765|
846|False|False|False|False|False|False|0|0|||False|44|2927|
847|False|False|False|False|True|False|0|0|||False|44|2962|
848|False|False|False|False|False|False|0|0|||False|44|3047|
849|False|False|False|False|False|False|0|0|||False|44|3344|
850|False|False|False|False|False|False|0|0|||False|44|4059|
851|False|False|False|False|False|False|0|0|||False|44|4110|
852|False|False|False|False|False|False|0|0|||False|44|4564|
853|False|False|False|False|False|False|0|0|||False|45|1319|
854|False|False|False|False|False|False|0|0|||False|45|1901|
855|False|False|False|False|False|False|0|0|||False|45|2688|
856|False|False|False|False|False|False|0|0|||False|45|3727|
857|False|False|False|False|False|False|0|0|||False|45|5098|
858|False|False|False|False|False|False|0|0|||False|45|5220|
859|False|False|False|False|False|False|0|0|||False|46|103|
860|False|False|False|False|False|False|0|0|||False|46|107|
861|False|False|False|False|False|False|0|0|||False|46|233|
862|False|False|False|False|False|False|0|0|||False|46|1720|
863|False|False|False|False|False|False|0|0|||False|46|1816|
864|False|False|False|False|False|False|0|0|||False|46|1901|
865|False|False|False|False|False|False|0|0|||False|46|3086|
866|False|False|False|False|False|False|0|0|||False|46|3173|
867|False|False|False|False|False|False|0|0|||False|46|4542|
868|False|False|False|False|False|False|0|0|||False|46|5220|
869|False|False|False|False|False|False|0|0|||False|46|5531|
870|False|False|False|False|False|False|0|0|||False|46|5538|
